ï»¿state,rep_district,senate_district,party,prefix,first_name,last_name,suffix,address1,address2,city,address_state,zip,title,leader_title,gender,photo_url
,,,D,Mr.,Joe,Biden,,1600 Pennsylvania Ave NW,,Washington,DC,20500,,President of the United States,M,https://www.whitehouse.gov/wp-content/uploads/2021/01/joe_hero.jpg
,,,D,Ms.,Kamala,Harris,,Einsenhower Executive Office Building,1650 Pennsylvania Ave NW,Washington,DC,20502,,Vice President of the United States,F,https://www.whitehouse.gov/wp-content/uploads/2021/01/kamala_hero.jpg
AK,,S,R,Ms.,Lisa,Murkowski,,522 Hart Senate Office Building,,Washington,DC,20510,Senator,,F,https://bioguide.congress.gov/bioguide/photo/M/M001153.jpg
AK,,S,R,Mr.,Dan,Sullivan,,302 Hart Senate Office Building,,Washington,DC,20510,Senator,,M,https://bioguide.congress.gov/bioguide/photo/S/S001198.jpg
AL,,S,R,Ms.,Katie Boyd,Britt,,502 Hart Senate Office Building,,Washington,DC,20510,Senator,,F,https://www.senate.gov/states/graphics/118/britt.png
AL,,S,R,Mr.,Tommy,Tuberville,,455 Russell Senate Office Building,,Washington,DC,20510,Senator,,M,https://bioguide.congress.gov/bioguide/photo/T/T000278.jpg
AR,,S,R,Mr.,John,Boozman,,555 Dirksen Senate Office Building,,Washington,DC,20510,Senator,,M,https://bioguide.congress.gov/bioguide/photo/B/B001236.jpg
AR,,S,R,Mr.,Tom,Cotton,,326 Russell Senate Office Building,,Washington,DC,20510,Senator,,M,https://bioguide.congress.gov/bioguide/photo/C/C001095.jpg
AZ,,S,D,Mr.,Mark,Kelly,,516 Hart Senate Office Building,,Washington,DC,20510,Senator,,M,https://www.senate.gov/states/graphics/117/KellyMark.png
AZ,,S,D,Ms.,Kyrsten,Sinema,,317 Hart Senate Office Building,,Washington,DC,20510,Senator,,F,https://bioguide.congress.gov/bioguide/photo/S/S001191.jpg
CA,,S,D,Ms.,Laphonza R.,Butler,,112 Hart Senate Office Building,,Washington,DC,20510,Senator,,F,https://bioguide.congress.gov/bioguide/photo/B/B001320.jpg
CA,,S,D,Mr.,Alex,Padilla,,331 Hart Senate Office Building,,Washington,DC,20510,Senator,,M,https://bioguide.congress.gov/bioguide/photo/P/P000145.jpg
CO,,S,D,Mr.,Michael F.,Bennet,,261 Russell Senate Office Building,,Washington,DC,20510,Senator,,M,https://bioguide.congress.gov/bioguide/photo/B/B001267.jpg
CO,,S,D,Mr.,John W.,Hickenlooper,,374 Russell Senate Office Building,,Washington,DC,20510,Senator,,M,https://bioguide.congress.gov/bioguide/photo/H/H000273.jpg
CT,,S,D,Mr.,Richard,Blumenthal,,706 Hart Senate Office Building,,Washington,DC,20510,Senator,,M,https://bioguide.congress.gov/bioguide/photo/B/B001277.jpg
CT,,S,D,Mr.,Christopher,Murphy,,136 Hart Senate Office Building,,Washington,DC,20510,Senator,,M,https://bioguide.congress.gov/bioguide/photo/M/M001169.jpg
DE,,S,D,Mr.,Thomas R.,Carper,,513 Hart Senate Office Building,,Washington,DC,20510,Senator,,M,https://bioguide.congress.gov/bioguide/photo/C/C000174.jpg
DE,,S,D,Mr.,Christopher A.,Coons,,218 Russell Senate Office Building,,Washington,DC,20510,Senator,,M,https://bioguide.congress.gov/bioguide/photo/C/C001088.jpg
FL,,S,R,Mr.,Marco,Rubio,,284 Russell Senate Office Building,,Washington,DC,20510,Senator,,M,https://bioguide.congress.gov/bioguide/photo/R/R000595.jpg
FL,,S,R,Mr.,Rick,Scott,,110 Hart Senate Office Building,,Washington,DC,20510,Senator,,M,https://bioguide.congress.gov/bioguide/photo/S/S001217.jpg
GA,,S,D,Mr.,Jon,Ossoff,,303 Hart Senate Office Building,,Washington,DC,20510,Senator,,M,https://bioguide.congress.gov/bioguide/photo/O/O000174.jpg
GA,,S,D,Mr.,Raphael G.,Warnock,,416 Russell Senate Office Building,,Washington,DC,20510,Senator,,M,https://bioguide.congress.gov/bioguide/photo/W/W000790.jpg
HI,,S,D,Ms.,Mazie K.,Hirono,,109 Hart Senate Office Building,,Washington,DC,20510,Senator,,F,https://bioguide.congress.gov/bioguide/photo/H/H001042.jpg
HI,,S,D,Mr.,Brian,Schatz,,722 Hart Senate Office Building,,Washington,DC,20510,Senator,,M,https://bioguide.congress.gov/bioguide/photo/S/S001194.jpg
IA,,S,R,Ms.,Joni,Ernst,,260 Russell Senate Office Building,,Washington,DC,20510,Senator,,F,https://bioguide.congress.gov/bioguide/photo/E/E000295.jpg
IA,,S,R,Mr.,Chuck,Grassley,,135 Hart Senate Office Building,,Washington,DC,20510,Senator,,M,https://bioguide.congress.gov/bioguide/photo/G/G000386.jpg
ID,,S,R,Mr.,Mike,Crapo,,239 Dirksen Senate Office Building,,Washington,DC,20510,Senator,,M,https://bioguide.congress.gov/bioguide/photo/C/C000880.jpg
ID,,S,R,Mr.,James E.,Risch,,483 Russell Senate Office Building,,Washington,DC,20510,Senator,,M,https://bioguide.congress.gov/bioguide/photo/R/R000584.jpg
IL,,S,D,Ms.,Tammy,Duckworth,,524 Hart Senate Office Building,,Washington,DC,20510,Senator,,F,https://www.senate.gov/states/graphics/115/Duckworth_Tammy.jpg
IL,,S,D,Mr.,Richard J.,Durbin,,711 Hart Senate Office Building,,Washington,DC,20510,Senator,Minority Whip,M,https://bioguide.congress.gov/bioguide/photo/D/D000563.jpg
IN,,S,R,Mr.,Mike,Braun,,404 Russell Senate Office Building,,Washington,DC,20510,Senator,,M,https://www.senate.gov/states/graphics/116/BraunMike.jpg
IN,,S,R,Mr.,Todd,Young,,185 Dirksen Senate Office Building,,Washington,DC,20510,Senator,,M,https://bioguide.congress.gov/bioguide/photo/Y/Y000064.jpg
KS,,S,R,Mr.,Roger,Marshall,,479A Russell Senate Office Building,,Washington,DC,20510,Senator,,M,https://www.senate.gov/states/graphics/117/marshall-roger.png
KS,,S,R,Mr.,Jerry,Moran,,521 Dirksen Senate Office Building,,Washington,DC,20510,Senator,,M,https://bioguide.congress.gov/bioguide/photo/M/M000934.jpg
KY,,S,R,Mr.,Mitch,McConnell,,317 Russell Senate Office Building,,Washington,DC,20510,Senator,Republican Leader,M,https://bioguide.congress.gov/bioguide/photo/M/M000355.jpg
KY,,S,R,Dr.,Rand,Paul,M.D.,295 Russell Senate Office Building,,Washington,DC,20510,Senator,,M,https://bioguide.congress.gov/bioguide/photo/P/P000603.jpg
LA,,S,R,Mr.,Bill,Cassidy,,455 Dirksen Senate Office Building,,Washington,DC,20510,Senator,,M,https://bioguide.congress.gov/bioguide/photo/C/C001075.jpg
LA,,S,R,Mr.,John,Kennedy,,437 Russell Senate Office Building,,Washington,DC,20510,Senator,,M,https://bioguide.congress.gov/bioguide/photo/K/K000393.jpg
MA,,S,D,Mr.,Edward J.,Markey,,255 Dirksen Senate Office Building,,Washington,DC,20510,Senator,,M,https://bioguide.congress.gov/bioguide/photo/M/M000133.jpg
MA,,S,D,Ms.,Elizabeth,Warren,,309 Hart Senate Office Building,,Washington,DC,20510,Senator,,F,https://bioguide.congress.gov/bioguide/photo/W/W000817.jpg
MD,,S,D,Mr.,Benjamin L.,Cardin,,509 Hart Senate Office Building,,Washington,DC,20510,Senator,,M,https://bioguide.congress.gov/bioguide/photo/C/C000141.jpg
MD,,S,D,Mr.,Chris,Van Hollen,,730 Hart Senate Office Building,,Washington,DC,20510,Senator,,M,https://www.senate.gov/states/graphics/115/van_hollen_1_10_state.jpg
ME,,S,R,Ms.,Susan M.,Collins,,413 Dirksen Senate Office Building,,Washington,DC,20510,Senator,,F,https://bioguide.congress.gov/bioguide/photo/C/C001035.jpg
ME,,S,I,Mr.,Angus S.,King,Jr.,133 Hart Senate Office Building,,Washington,DC,20510,Senator,,M,https://bioguide.congress.gov/bioguide/photo/K/K000383.jpg
MI,,S,D,Mr.,Gary C.,Peters,,724 Hart Senate Office Building,,Washington,DC,20510,Senator,,M,https://bioguide.congress.gov/bioguide/photo/P/P000595.jpg
MI,,S,D,Ms.,Debbie,Stabenow,,731 Hart Senate Office Building,,Washington,DC,20510,Senator,,F,https://bioguide.congress.gov/bioguide/photo/S/S000770.jpg
MN,,S,D,Ms.,Amy,Klobuchar,,425 Dirksen Senate Office Building,,Washington,DC,20510,Senator,,F,https://bioguide.congress.gov/bioguide/photo/K/K000367.jpg
MN,,S,D,Ms.,Tina,Smith,,720 Hart Senate Office Building,,Washington,DC,20510,Senator,,F,https://www.senate.gov/states/MN/graphics/Smith_Tina_state.jpg
MO,,S,R,Mr.,Josh,Hawley,,115 Russell Senate Office Building,,Washington,DC,20510,Senator,,M,https://bioguide.congress.gov/bioguide/photo/H/H001089.jpg
MO,,S,R,Mr.,Eric,Schmitt,,387 Russell Senate Office Building,,Washington,DC,20510,Senator,,M,https://www.senate.gov/states/graphics/118/schmitt.png
MS,,S,R,Ms.,Cindy,Hyde-Smith,,702 Hart Senate Office Building,,Washington,DC,20510,Senator,,F,https://bioguide.congress.gov/bioguide/photo/H/H001079.jpg
MS,,S,R,Mr.,Roger F.,Wicker,,425 Russell Senate Office Building,,Washington,DC,20510,Senator,,M,https://www.senate.gov/states/MS/graphics/WickerRoger.jpg
MT,,S,R,Mr.,Steve,Daines,,320 Hart Senate Office Building,,Washington,DC,20510,Senator,,M,https://bioguide.congress.gov/bioguide/photo/D/D000618.jpg
MT,,S,D,Mr.,Jon,Tester,,311 Hart Senate Office Building,,Washington,DC,20510,Senator,,M,https://bioguide.congress.gov/bioguide/photo/T/T000464.jpg
NC,,S,R,Mr.,Ted,Budd,,304 Russell Senate Office Building,,Washington,DC,20510,Senator,,M,https://www.senate.gov/states/graphics/118/budd.png
NC,,S,R,Mr.,Thom,Tillis,,113 Dirksen Senate Office Building,,Washington,DC,20510,Senator,,M,https://bioguide.congress.gov/bioguide/photo/T/T000476.jpg
ND,,S,R,Mr.,Kevin,Cramer,,313 Hart Senate Office Building,,Washington,DC,20510,Senator,,M,https://www.senate.gov/states/graphics/116/CramerKevin.jpg
ND,,S,R,Mr.,John,Hoeven,,338 Russell Senate Office Building,,Washington,DC,20510,Senator,,M,https://bioguide.congress.gov/bioguide/photo/H/H001061.jpg
NE,,S,R,Ms.,Deb,Fischer,,448 Russell Senate Office Building,,Washington,DC,20510,Senator,,F,https://bioguide.congress.gov/bioguide/photo/F/F000463.jpg
NE,,S,R,Mr.,Pete,Ricketts,,139 Russell Senate Office Building,,Washington,DC,20510,Senator,,M,https://www.senate.gov/states/graphics/118/ricketts.jpg
NH,,S,D,Ms.,Margaret Wood,Hassan,,324 Hart Senate Office Building,,Washington,DC,20510,Senator,,F,https://www.senate.gov/states/graphics/115/Hassan_Maggie.jpg
NH,,S,D,Ms.,Jeanne,Shaheen,,506 Hart Senate Office Building,,Washington,DC,20510,Senator,,F,https://bioguide.congress.gov/bioguide/photo/S/S001181.jpg
NJ,,S,D,Mr.,Cory A.,Booker,,717 Hart Senate Office Building,,Washington,DC,20510,Senator,,M,https://www.senate.gov/states/graphics/113/Booker_Cory.jpg
NJ,,S,D,Mr.,Robert,Menendez,,528 Hart Senate Office Building,,Washington,DC,20510,Senator,,M,https://bioguide.congress.gov/bioguide/photo/M/M000639.jpg
NM,,S,D,Mr.,Martin,Heinrich,,709 Hart Senate Office Building,,Washington,DC,20510,Senator,,M,https://bioguide.congress.gov/bioguide/photo/H/H001046.jpg
NM,,S,D,Mr.,Ben Ray,Lujan,,498 Russell Senate Office Building,,Washington,DC,20510,Senator,,M,https://bioguide.congress.gov/bioguide/photo/L/L000570.jpg
NV,,S,D,Ms.,Catherine,Cortez Masto,,520 Hart Senate Office Building,,Washington,DC,20510,Senator,,F,https://bioguide.congress.gov/bioguide/photo/C/C001113.jpg
NV,,S,D,Mr.,Jacky,Rosen,,713 Hart Senate Office Building,,Washington,DC,20510,Senator,,M,https://bioguide.congress.gov/bioguide/photo/R/R000608.jpg
NY,,S,D,Ms.,Kirsten E.,Gillibrand,,478 Russell Senate Office Building,,Washington,DC,20510,Senator,,F,https://bioguide.congress.gov/bioguide/photo/G/G000555.jpg
NY,,S,D,Mr.,Charles E.,Schumer,,322 Hart Senate Office Building,,Washington,DC,20510,Senator,Democrat Leader,M,https://bioguide.congress.gov/bioguide/photo/S/S000148.jpg
OH,,S,D,Mr.,Sherrod,Brown,,503 Hart Senate Office Building,,Washington,DC,20510,Senator,,M,https://bioguide.congress.gov/bioguide/photo/B/B000944.jpg
OH,,S,R,Mr.,J.D.,Vance,,288 Russell Senate Office Building,,Washington,DC,20510,Senator,,M,https://www.senate.gov/states/OH/seal.png
OK,,S,R,Mr.,James,Lankford,,316 Hart Senate Office Building,,Washington,DC,20510,Senator,,M,https://bioguide.congress.gov/bioguide/photo/L/L000575.jpg
OK,,S,R,Mr.,Markwayne,Mullin,,330 Hart Senate Office Building,,Washington,DC,20510,Senator,,M,https://www.senate.gov/states/graphics/118/mullin.png
OR,,S,D,Mr.,Jeff,Merkley,,531 Hart Senate Office Building,,Washington,DC,20510,Senator,,M,https://bioguide.congress.gov/bioguide/photo/M/M001176.jpg
OR,,S,D,Mr.,Ron,Wyden,,221 Dirksen Senate Office Building,,Washington,DC,20510,Senator,,M,https://bioguide.congress.gov/bioguide/photo/W/W000779.jpg
PA,,S,D,Mr.,Robert P.,Casey,Jr.,393 Russell Senate Office Building,,Washington,DC,20510,Senator,,M,https://bioguide.congress.gov/bioguide/photo/C/C001070.jpg
PA,,S,D,Mr.,John,Fetterman,,142 Russell Senate Office Building,,Washington,DC,20510,Senator,,M,https://www.senate.gov/states/PA/seal.png
RI,,S,D,Mr.,Jack,Reed,,B40D Dirksen Senate Office Building,,Washington,DC,20510,Senator,,M,https://bioguide.congress.gov/bioguide/photo/R/R000122.jpg
RI,,S,D,Mr.,Sheldon,Whitehouse,,530 Hart Senate Office Building,,Washington,DC,20510,Senator,,M,https://bioguide.congress.gov/bioguide/photo/W/W000802.jpg
SC,,S,R,Mr.,Lindsey,Graham,,211 Russell Senate Office Building,,Washington,DC,20510,Senator,,M,https://bioguide.congress.gov/bioguide/photo/G/G000359.jpg
SC,,S,R,Mr.,Tim,Scott,,104 Hart Senate Office Building,,Washington,DC,20510,Senator,,M,https://www.senate.gov/states/graphics/113/Scott_Tim.jpg
SD,,S,R,Mr.,Mike,Rounds,,716 Hart Senate Office Building,,Washington,DC,20510,Senator,,M,https://bioguide.congress.gov/bioguide/photo/R/R000605.jpg
SD,,S,R,Mr.,John,Thune,,511 Dirksen Senate Office Building,,Washington,DC,20510,Senator,Minority Whip,M,https://bioguide.congress.gov/bioguide/photo/T/T000250.jpg
TN,,S,R,Ms.,Marsha,Blackburn,,357 Dirksen Senate Office Building,,Washington,DC,20510,Senator,,F,https://bioguide.congress.gov/bioguide/photo/B/B001243.jpg
TN,,S,R,Mr.,Bill,Hagerty,,251 Russell Senate Office Building,,Washington,DC,20510,Senator,,M,https://bioguide.congress.gov/bioguide/photo/H/H000601.jpg
TX,,S,R,Mr.,John,Cornyn,,517 Hart Senate Office Building,,Washington,DC,20510,Senator,,M,https://bioguide.congress.gov/bioguide/photo/C/C001056.jpg
TX,,S,R,Mr.,Ted,Cruz,,167 Russell Senate Office Building,,Washington,DC,20510,Senator,,M,https://bioguide.congress.gov/bioguide/photo/C/C001098.jpg
UT,,S,R,Mr.,Mike,Lee,,363 Russell Senate Office Building,,Washington,DC,20510,Senator,,M,https://bioguide.congress.gov/bioguide/photo/L/L000577.jpg
UT,,S,R,Mr.,Mitt,Romney,,354 Russell Senate Office Building,,Washington,DC,20510,Senator,,M,https://www.senate.gov/states/graphics/116/RomneyMitt.jpg
VA,,S,D,Mr.,Tim,Kaine,,231 Russell Senate Office Building,,Washington,DC,20510,Senator,,M,https://bioguide.congress.gov/bioguide/photo/K/K000384.jpg
VA,,S,D,Mr.,Mark R.,Warner,,703 Hart Senate Office Building,,Washington,DC,20510,Senator,,M,https://bioguide.congress.gov/bioguide/photo/W/W000805.jpg
VT,,S,I,Mr.,Bernard,Sanders,,332 Dirksen Senate Office Building,,Washington,DC,20510,Senator,,M,https://bioguide.congress.gov/bioguide/photo/S/S000033.jpg
VT,,S,D,Mr.,Peter,Welch,,124 Russell Senate Office Building,,Washington,DC,20510,Senator,,M,https://www.senate.gov/states/graphics/118/welch.png
WA,,S,D,Ms.,Maria,Cantwell,,511 Hart Senate Office Building,,Washington,DC,20510,Senator,,F,https://bioguide.congress.gov/bioguide/photo/C/C000127.jpg
WA,,S,D,Ms.,Patty,Murray,,154 Russell Senate Office Building,,Washington,DC,20510,Senator,President Pro Tempore,F,https://bioguide.congress.gov/bioguide/photo/M/M001111.jpg
WI,,S,D,Ms.,Tammy,Baldwin,,141 Hart Senate Office Building,,Washington,DC,20510,Senator,,F,https://bioguide.congress.gov/bioguide/photo/B/B001230.jpg
WI,,S,R,Mr.,Ron,Johnson,,328 Hart Senate Office Building,,Washington,DC,20510,Senator,,M,https://bioguide.congress.gov/bioguide/photo/J/J000293.jpg
WV,,S,R,Ms.,Shelley Moore,Capito,,170 Russell Senate Office Building,,Washington,DC,20510,Senator,,F,https://bioguide.congress.gov/bioguide/photo/C/C001047.jpg
WV,,S,I,Mr.,Joe,Manchin,III,306 Hart Senate Office Building,,Washington,DC,20510,Senator,,M,https://bioguide.congress.gov/bioguide/photo/M/M001183.jpg
WY,,S,R,Mr.,John,Barrasso,,307 Dirksen Senate Office Building,,Washington,DC,20510,Senator,,M,https://bioguide.congress.gov/bioguide/photo/B/B001261.jpg
WY,,S,R,Ms.,Cynthia M.,Lummis,,127A Russell Senate Office Building,,Washington,DC,20510,Senator,,F,https://bioguide.congress.gov/bioguide/photo/L/L000571.jpg
AK,,S,D,Ms.,Mary Sattler,Peltola,,153 Cannon House Office Building,,Washington,DC,20515-0200,Representative,,F,http://clerk.house.gov/content/assets/img/members/P000619.jpg
AL,1,,R,Mr.,Jerry L.,Carl,,1330 Longworth House Office Building,,Washington,DC,20515-0101,Representative,,M,http://clerk.house.gov/content/assets/img/members/C001054.jpg
AL,2,,R,Mr.,Barry,Moore,,1504 Longworth House Office Building,,Washington,DC,20515-0102,Representative,,M,http://clerk.house.gov/content/assets/img/members/M001212.jpg
AL,3,,R,Mr.,Mike,Rogers,,2469 Rayburn House Office Building,,Washington,DC,20515-0103,Representative,,M,http://clerk.house.gov/content/assets/img/members/R000575.jpg
AL,4,,R,Mr.,Robert B.,Aderholt,,266 Cannon House Office Building,,Washington,DC,20515-0104,Representative,,M,http://clerk.house.gov/content/assets/img/members/A000055.jpg
AL,5,,R,Mr.,Dale W.,Strong,,1337 Longworth House Office Building,,Washington,DC,20515-0105,Representative,,M,http://clerk.house.gov/content/assets/img/members/S001220.jpg
AL,6,,R,Mr.,Gary J.,Palmer,,170 Cannon House Office Building,,Washington,DC,20515-0106,Representative,,M,http://clerk.house.gov/content/assets/img/members/P000609.jpg
AL,7,,D,Ms.,Terri A.,Sewell,,1035 Rayburn House Office Building,,Washington,DC,20515-0107,Representative,,F,http://clerk.house.gov/content/assets/img/members/S001185.jpg
AR,1,,R,Mr.,"Eric A. ""Rick""",Crawford,,2422 Rayburn House Office Building,,Washington,DC,20515-0401,Representative,,M,http://clerk.house.gov/content/assets/img/members/C001087.jpg
AR,2,,R,Mr.,J. French,Hill,,1533 Longworth House Office Building,,Washington,DC,20515-0402,Representative,,M,http://clerk.house.gov/content/assets/img/members/H001072.jpg
AR,3,,R,Mr.,Steve,Womack,,2412 Rayburn House Office Building,,Washington,DC,20515-0403,Representative,,M,http://clerk.house.gov/content/assets/img/members/W000809.jpg
AR,4,,R,Mr.,Bruce,Westerman,,202 Cannon House Office Building,,Washington,DC,20515-0404,Representative,,M,http://clerk.house.gov/content/assets/img/members/W000821.jpg
AS,,S,R,Ms.,Aumua Amata Coleman,Radewagen,,2001 Longworth House Office Building,,Washington,DC,20515-5200,Representative,,F,http://clerk.house.gov/content/assets/img/members/R000600.jpg
AZ,1,,R,Mr.,David,Schweikert,,460 Cannon House Office Building,,Washington,DC,20515-0301,Representative,,M,http://clerk.house.gov/content/assets/img/members/S001183.jpg
AZ,2,,R,Mr.,Elijah,Crane,,1229 Longworth House Office Building,,Washington,DC,20515-0302,Representative,,M,http://clerk.house.gov/content/assets/img/members/C001132.jpg
AZ,3,,D,Mr.,Ruben,Gallego,,1114 Longworth House Office Building,,Washington,DC,20515-0303,Representative,,M,http://clerk.house.gov/content/assets/img/members/G000574.jpg
AZ,4,,D,Mr.,Greg,Stanton,,207 Cannon House Office Building,,Washington,DC,20515-0304,Representative,,M,http://clerk.house.gov/content/assets/img/members/S001211.jpg
AZ,5,,R,Mr.,Andy,Biggs,,252 Cannon House Office Building,,Washington,DC,20515-0305,Representative,,M,http://clerk.house.gov/content/assets/img/members/B001302.jpg
AZ,6,,R,Mr.,Juan,Ciscomani,,1429 Longworth House Office Building,,Washington,DC,20515-0306,Representative,,M,http://clerk.house.gov/content/assets/img/members/C001133.jpg
AZ,7,,D,Mr.,Raul M.,Grijalva,,1203 Longworth House Office Building,,Washington,DC,20515-0307,Representative,,M,http://clerk.house.gov/content/assets/img/members/G000551.jpg
AZ,8,,R,Ms.,Debbie,Lesko,,1214 Longworth House Office Building,,Washington,DC,20515-0308,Representative,,F,http://clerk.house.gov/content/assets/img/members/L000589.jpg
AZ,9,,R,Mr.,Paul A.,Gosar,,2057 Rayburn House Office Building,,Washington,DC,20515-0309,Representative,,M,http://clerk.house.gov/content/assets/img/members/G000565.jpg
CA,1,,R,Mr.,Doug,LaMalfa,,408 Cannon House Office Building,,Washington,DC,20515-0501,Representative,,M,http://clerk.house.gov/content/assets/img/members/L000578.jpg
CA,2,,D,Mr.,Jared,Huffman,,2445 Rayburn House Office Building,,Washington,DC,20515-0502,Representative,,M,http://clerk.house.gov/content/assets/img/members/H001068.jpg
CA,3,,R,Mr.,Kevin,Kiley,,1032 Longworth House Office Building,,Washington,DC,20515-0503,Representative,,M,http://clerk.house.gov/content/assets/img/members/K000401.jpg
CA,4,,D,Mr.,Mike,Thompson,,268 Cannon House Office Building,,Washington,DC,20515-0504,Representative,,M,http://clerk.house.gov/content/assets/img/members/T000460.jpg
CA,5,,R,Mr.,Tom,McClintock,,2256 Rayburn House Office Building,,Washington,DC,20515-0505,Representative,,M,http://clerk.house.gov/content/assets/img/members/M001177.jpg
CA,6,,D,Ms.,Ami,Bera,,172 Cannon House Office Building,,Washington,DC,20515-0506,Representative,,F,http://clerk.house.gov/content/assets/img/members/B001287.jpg
CA,7,,D,Ms.,Doris O.,Matsui,,2311 Rayburn House Office Building,,Washington,DC,20515-0507,Representative,,F,http://clerk.house.gov/content/assets/img/members/M001163.jpg
CA,8,,D,Mr.,John,Garamendi,,2004 Rayburn House Office Building,,Washington,DC,20515-0508,Representative,,M,http://clerk.house.gov/content/assets/img/members/G000559.jpg
CA,9,,D,Mr.,Josh,Harder,,209 Cannon House Office Building,,Washington,DC,20515-0509,Representative,,M,http://clerk.house.gov/content/assets/img/members/H001090.jpg
CA,10,,D,Mr.,Mark,DeSaulnier,,503 Cannon House Office Building,,Washington,DC,20515-0510,Representative,,M,http://clerk.house.gov/content/assets/img/members/D000623.jpg
CA,11,,D,Ms.,Nancy,Pelosi,,1236 Longworth House Office Building,,Washington,DC,20515-0511,Representative,,F,http://clerk.house.gov/content/assets/img/members/P000197.jpg
CA,12,,D,Ms.,Barbara,Lee,,2470 Rayburn House Office Building,,Washington,DC,20515-0512,Representative,,F,http://clerk.house.gov/content/assets/img/members/L000551.jpg
CA,13,,R,Mr.,John S.,Duarte,,1535 Longworth House Office Building,,Washington,DC,20515-0513,Representative,,M,http://clerk.house.gov/content/assets/img/members/D000633.jpg
CA,14,,D,Mr.,Eric,Swalwell,,174 Cannon House Office Building,,Washington,DC,20515-0514,Representative,,M,http://clerk.house.gov/content/assets/img/members/S001193.jpg
CA,15,,D,Mr.,Kevin,Mullin,,1404 Longworth House Office Building,,Washington,DC,20515-0515,Representative,,M,http://clerk.house.gov/content/assets/img/members/M001225.jpg
CA,16,,D,Ms.,Anna G.,Eshoo,,272 Cannon House Office Building,,Washington,DC,20515-0516,Representative,,F,http://clerk.house.gov/content/assets/img/members/E000215.jpg
CA,17,,D,Mr.,Ro,Khanna,,306 Cannon House Office Building,,Washington,DC,20515-0517,Representative,,M,http://clerk.house.gov/content/assets/img/members/K000389.jpg
CA,18,,D,Ms.,Zoe,Lofgren,,1401 Longworth House Office Building,,Washington,DC,20515-0518,Representative,,F,http://clerk.house.gov/content/assets/img/members/L000397.jpg
CA,19,,D,Mr.,Jimmy,Panetta,,304 Cannon House Office Building,,Washington,DC,20515-0519,Representative,,M,http://clerk.house.gov/content/assets/img/members/P000613.jpg
CA,20,,R,,,Office of the 20 Congressional District of California,,2468 Rayburn House Office Building,,Washington,DC,20515-0520,Representative,,M,https://www.assembly.ca.gov/sites/assembly.ca.gov/themes/custom/assemblyinternet/images/logo.png
CA,21,,D,Mr.,Jim,Costa,,2081 Rayburn House Office Building,,Washington,DC,20515-0521,Representative,,M,http://clerk.house.gov/content/assets/img/members/C001059.jpg
CA,22,,R,Mr.,David G.,Valadao,,2465 Rayburn House Office Building,,Washington,DC,20515-0522,Representative,,M,http://clerk.house.gov/content/assets/img/members/V000129.jpg
CA,23,,R,Mr.,Jay,Obernolte,,1029 Longworth House Office Building,,Washington,DC,20515-0523,Representative,,M,http://clerk.house.gov/content/assets/img/members/O000019.jpg
CA,24,,D,Mr.,Salud O.,Carbajal,,2331 Rayburn House Office Building,,Washington,DC,20515-0524,Representative,,M,http://clerk.house.gov/content/assets/img/members/C001112.jpg
CA,25,,D,Mr.,Raul,Ruiz,,2342 Rayburn House Office Building,,Washington,DC,20515-0525,Representative,,M,http://clerk.house.gov/content/assets/img/members/R000599.jpg
CA,26,,D,Ms.,Julia,Brownley,,2262 Rayburn House Office Building,,Washington,DC,20515-0526,Representative,,F,http://clerk.house.gov/content/assets/img/members/B001285.jpg
CA,27,,R,Mr.,Mike,Garcia,,144 Cannon House Office Building,,Washington,DC,20515-0527,Representative,,M,http://clerk.house.gov/content/assets/img/members/G000061.jpg
CA,28,,D,Ms.,Judy,Chu,,2423 Rayburn House Office Building,,Washington,DC,20515-0528,Representative,,F,http://clerk.house.gov/content/assets/img/members/C001080.jpg
CA,29,,D,Mr.,Tony,Cardenas,,2181 Rayburn House Office Building,,Washington,DC,20515-0529,Representative,,M,http://clerk.house.gov/content/assets/img/members/C001097.jpg
CA,30,,D,Mr.,Adam B.,Schiff,,2309 Rayburn House Office Building,,Washington,DC,20515-0530,Representative,,M,http://clerk.house.gov/content/assets/img/members/S001150.jpg
CA,31,,D,Ms.,Grace F.,Napolitano,,1610 Longworth House Office Building,,Washington,DC,20515-0531,Representative,,F,http://clerk.house.gov/content/assets/img/members/N000179.jpg
CA,32,,D,Mr.,Brad,Sherman,,2365 Rayburn House Office Building,,Washington,DC,20515-0532,Representative,,M,http://clerk.house.gov/content/assets/img/members/S000344.jpg
CA,33,,D,Mr.,Pete,Aguilar,,108 Cannon House Office Building,,Washington,DC,20515-0533,Representative,,M,http://clerk.house.gov/content/assets/img/members/A000371.jpg
CA,34,,D,Mr.,Jimmy,Gomez,,506 Cannon House Office Building,,Washington,DC,20515-0534,Representative,,M,http://clerk.house.gov/content/assets/img/members/G000585.jpg
CA,35,,D,Ms.,Norma J.,Torres,,2227 Rayburn House Office Building,,Washington,DC,20515-0535,Representative,,F,http://clerk.house.gov/content/assets/img/members/T000474.jpg
CA,36,,D,Mr.,Ted,Lieu,,2454 Rayburn House Office Building,,Washington,DC,20515-0536,Representative,,M,http://clerk.house.gov/content/assets/img/members/L000582.jpg
CA,37,,D,Ms.,Sydney,Kamlager-Dove,,1419 Longworth House Office Building,,Washington,DC,20515-0537,Representative,,F,http://clerk.house.gov/content/assets/img/members/K000400.jpg
CA,38,,D,Ms.,Linda T.,Sanchez,,2428 Rayburn House Office Building,,Washington,DC,20515-0538,Representative,,F,http://clerk.house.gov/content/assets/img/members/S001156.jpg
CA,39,,D,Mr.,Mark,Takano,,2078 Rayburn House Office Building,,Washington,DC,20515-0539,Representative,,M,http://clerk.house.gov/content/assets/img/members/T000472.jpg
CA,40,,R,Mr.,Young,Kim,,1306 Longworth House Office Building,,Washington,DC,20515-0540,Representative,,M,http://clerk.house.gov/content/assets/img/members/K000397.jpg
CA,41,,R,Mr.,Ken,Calvert,,2205 Rayburn House Office Building,,Washington,DC,20515-0541,Representative,,M,http://clerk.house.gov/content/assets/img/members/C000059.jpg
CA,42,,D,Mr.,Robert,Garcia,,1305 Longworth House Office Building,,Washington,DC,20515-0542,Representative,,M,http://clerk.house.gov/content/assets/img/members/G000598.jpg
CA,43,,D,Ms.,Maxine,Waters,,2221 Rayburn House Office Building,,Washington,DC,20515-0543,Representative,,F,http://clerk.house.gov/content/assets/img/members/W000187.jpg
CA,44,,D,Ms.,Nanette Diaz,Barragan,,2312 Rayburn House Office Building,,Washington,DC,20515-0544,Representative,,F,http://clerk.house.gov/content/assets/img/members/B001300.jpg
CA,45,,R,Ms.,Michelle,Steel,,1127 Longworth House Office Building,,Washington,DC,20515-0545,Representative,,F,http://clerk.house.gov/content/assets/img/members/S001135.jpg
CA,46,,D,Mr.,J. Luis,Correa,,2301 Rayburn House Office Building,,Washington,DC,20515-0546,Representative,,M,http://clerk.house.gov/content/assets/img/members/C001110.jpg
CA,47,,D,Ms.,Katie,Porter,,1233 Longworth House Office Building,,Washington,DC,20515-0547,Representative,,F,http://clerk.house.gov/content/assets/img/members/P000618.jpg
CA,48,,R,Mr.,Darrell,Issa,,2108 Rayburn House Office Building,,Washington,DC,20515-0548,Representative,,M,http://clerk.house.gov/content/assets/img/members/I000056.jpg
CA,49,,D,Mr.,Mike,Levin,,2352 Longworth House Office Building,,Washington,DC,20515-0549,Representative,,M,http://clerk.house.gov/content/assets/img/members/L000593.jpg
CA,50,,D,Mr.,Scott H.,Peters,,1201 Longworth House Office Building,,Washington,DC,20515-0550,Representative,,M,http://clerk.house.gov/content/assets/img/members/P000608.jpg
CA,51,,D,Ms.,Sara,Jacobs,,1314 Longworth House Office Building,,Washington,DC,20515-0551,Representative,,F,http://clerk.house.gov/content/assets/img/members/J000305.jpg
CA,52,,D,Mr.,Juan,Vargas,,2334 Rayburn House Office Building,,Washington,DC,20515-0552,Representative,,M,http://clerk.house.gov/content/assets/img/members/V000130.jpg
CO,1,,D,Ms.,Diana,DeGette,,2111 Rayburn House Office Building,,Washington,DC,20515-0601,Representative,,F,http://clerk.house.gov/content/assets/img/members/D000197.jpg
CO,2,,D,Mr.,Joe,Neguse,,2400 Longworth House Office Building,,Washington,DC,20515-0602,Representative,,M,http://clerk.house.gov/content/assets/img/members/N000191.jpg
CO,3,,R,Ms.,Lauren,Boebert,,1713 Longworth House Office Building,,Washington,DC,20515-0603,Representative,,F,http://clerk.house.gov/content/assets/img/members/B000825.jpg
CO,4,,,,,Office of the 4 Congressional District of Colorado,,2455 Rayburn House Office Building,,Washington,DC,20515-0604,Representative,,M,https://leg.colorado.gov/sites/all/themes/themekit/images/cga-logo-med.png
CO,5,,R,Mr.,Doug,Lamborn,,2371 Rayburn House Office Building,,Washington,DC,20515-0605,Representative,,M,http://clerk.house.gov/content/assets/img/members/L000564.jpg
CO,6,,D,Mr.,Jason,Crow,,1323 Longworth House Office Building,,Washington,DC,20515-0606,Representative,,M,http://clerk.house.gov/content/assets/img/members/C001121.jpg
CO,7,,D,Ms.,Brittany,Pettersen,,1230 Longworth House Office Building,,Washington,DC,20515-0607,Representative,,F,http://clerk.house.gov/content/assets/img/members/P000620.jpg
CO,8,,D,Ms.,Yadira,Caraveo,,1024 Longworth House Office Building,,Washington,DC,20515-0001,Representative,,F,http://clerk.house.gov/content/assets/img/members/C001134.jpg
CT,1,,D,Mr.,John B.,Larson,,1501 Longworth House Office Building,,Washington,DC,20515-0701,Representative,,M,http://clerk.house.gov/content/assets/img/members/L000557.jpg
CT,2,,D,Mr.,Joe,Courtney,,2449 Rayburn House Office Building,,Washington,DC,20515-0702,Representative,,M,http://clerk.house.gov/content/assets/img/members/C001069.jpg
CT,3,,D,Ms.,Rosa L.,DeLauro,,2413 Rayburn House Office Building,,Washington,DC,20515-0703,Representative,,F,http://clerk.house.gov/content/assets/img/members/D000216.jpg
CT,4,,D,Mr.,James A.,Himes,,2137 Rayburn House Office Building,,Washington,DC,20515-0704,Representative,,M,http://clerk.house.gov/content/assets/img/members/H001047.jpg
CT,5,,D,Ms.,Jahana,Hayes,,2458 Rayburn House Office Building,,Washington,DC,20515-0705,Representative,,F,http://clerk.house.gov/content/assets/img/members/H001081.jpg
DC,,S,D,Ms.,Eleanor Holmes,Norton,,2136 Rayburn House Office Building,,Washington,DC,20515-5101,Representative,,F,http://clerk.house.gov/content/assets/img/members/N000147.jpg
DE,,S,D,Ms.,Lisa,Blunt Rochester,,1724 Longworth House Office Building,,Washington,DC,20515-0800,Representative,,F,http://clerk.house.gov/content/assets/img/members/B001303.jpg
FL,1,,R,Mr.,Matt,Gaetz,,2021 Rayburn House Office Building,,Washington,DC,20515-0901,Representative,,M,http://clerk.house.gov/content/assets/img/members/G000578.jpg
FL,2,,R,Mr.,Neal P.,Dunn,,466 Cannon House Office Building,,Washington,DC,20515-0902,Representative,,M,http://clerk.house.gov/content/assets/img/members/D000628.jpg
FL,3,,R,Ms.,Kat,Cammack,,2421 Rayburn House Office Building,,Washington,DC,20515-0903,Representative,,F,http://clerk.house.gov/content/assets/img/members/C001039.jpg
FL,4,,R,Mr.,Aaron,Bean,,1239 Longworth House Office Building,,Washington,DC,20515-0904,Representative,,M,http://clerk.house.gov/content/assets/img/members/B001314.jpg
FL,5,,R,Mr.,John H.,Rutherford,,1711 Longworth House Office Building,,Washington,DC,20515-0905,Representative,,M,http://clerk.house.gov/content/assets/img/members/R000609.jpg
FL,6,,R,Mr.,Michael,Waltz,,244 Cannon House Office Building,,Washington,DC,20515-0906,Representative,,M,http://clerk.house.gov/content/assets/img/members/W000823.jpg
FL,7,,R,Mr.,Cory,Mills,,1237 Longworth House Office Building,,Washington,DC,20515-0907,Representative,,M,http://clerk.house.gov/content/assets/img/members/M001216.jpg
FL,8,,R,Mr.,Bill,Posey,,2150 Rayburn House Office Building,,Washington,DC,20515-0908,Representative,,M,http://clerk.house.gov/content/assets/img/members/P000599.jpg
FL,9,,D,Mr.,Darren,Soto,,2353 Rayburn House Office Building,,Washington,DC,20515-0909,Representative,,M,http://clerk.house.gov/content/assets/img/members/S001200.jpg
FL,10,,D,Mr.,Maxwell,Frost,,1224 Longworth House Office Building,,Washington,DC,20515-0910,Representative,,M,http://clerk.house.gov/content/assets/img/members/F000476.jpg
FL,11,,R,Mr.,Daniel,Webster,,2184 Rayburn House Office Building,,Washington,DC,20515-0911,Representative,,M,http://clerk.house.gov/content/assets/img/members/W000806.jpg
FL,12,,R,Mr.,Gus M.,Bilirakis,,2306 Rayburn House Office Building,,Washington,DC,20515-0912,Representative,,M,http://clerk.house.gov/content/assets/img/members/B001257.jpg
FL,13,,R,Ms.,Anna Paulina,Luna,,1017 Longworth House Office Building,,Washington,DC,20515-0913,Representative,,F,http://clerk.house.gov/content/assets/img/members/L000596.jpg
FL,14,,D,Ms.,Kathy,Castor,,2052 Rayburn House Office Building,,Washington,DC,20515-0914,Representative,,F,http://clerk.house.gov/content/assets/img/members/C001066.jpg
FL,15,,R,Ms.,Laurel M.,Lee,,1118 Longworth House Office Building,,Washington,DC,20515-0915,Representative,,F,http://clerk.house.gov/content/assets/img/members/L000597.jpg
FL,16,,R,Mr.,Vern,Buchanan,,2110 Rayburn House Office Building,,Washington,DC,20515-0916,Representative,,M,http://clerk.house.gov/content/assets/img/members/B001260.jpg
FL,17,,R,Mr.,W. Gregory,Steube,,2457 Rayburn House Office Building,,Washington,DC,20515-0917,Representative,,M,http://clerk.house.gov/content/assets/img/members/S001214.jpg
FL,18,,R,Mr.,C. Scott,Franklin,,249 Cannon House Office Building,,Washington,DC,20515-0918,Representative,,M,http://clerk.house.gov/content/assets/img/members/F000472.jpg
FL,19,,R,Mr.,Byron,Donalds,,1719 Longworth House Office Building,,Washington,DC,20515-0919,Representative,,M,http://clerk.house.gov/content/assets/img/members/D000032.jpg
FL,20,,D,Ms.,Sheila,Cherfilus-McCormick,,242 Cannon House Office Building,,Washington,DC,20515-0920,Representative,,F,http://clerk.house.gov/content/assets/img/members/C001127.jpg
FL,21,,R,Mr.,Brian J.,Mast,,2182 Rayburn House Office Building,,Washington,DC,20515-0921,Representative,,M,http://clerk.house.gov/content/assets/img/members/M001199.jpg
FL,22,,D,Ms.,Lois,Frankel,,2305 Rayburn House Office Building,,Washington,DC,20515-0922,Representative,,F,http://clerk.house.gov/content/assets/img/members/F000462.jpg
FL,23,,D,Mr.,Jared,Moskowitz,,1130 Longworth House Office Building,,Washington,DC,20515-0923,Representative,,M,http://clerk.house.gov/content/assets/img/members/M001217.jpg
FL,24,,D,Ms.,Frederica S.,Wilson,,2080 Rayburn House Office Building,,Washington,DC,20515-0924,Representative,,F,http://clerk.house.gov/content/assets/img/members/W000808.jpg
FL,25,,D,Ms.,Debbie,Wasserman Schultz,,270 Cannon House Office Building,,Washington,DC,20515-0925,Representative,,F,http://clerk.house.gov/content/assets/img/members/W000797.jpg
FL,26,,R,Mr.,Mario,Diaz-Balart,,374 Cannon House Office Building,,Washington,DC,20515-0926,Representative,,M,http://clerk.house.gov/content/assets/img/members/D000600.jpg
FL,27,,R,Ms.,Maria Elvira,Salazar,,2162 Rayburn House Office Building,,Washington,DC,20515-0927,Representative,,F,http://clerk.house.gov/content/assets/img/members/S000168.jpg
FL,28,,R,Mr.,Carlos A.,Gimenez,,448 Cannon House Office Building,,Washington,DC,20515-0001,Representative,,M,http://clerk.house.gov/content/assets/img/members/G000593.jpg
GA,1,,R,Mr.,Earl L.,Carter,,2432 Rayburn House Office Building,,Washington,DC,20515-1001,Representative,,M,http://clerk.house.gov/content/assets/img/members/C001103.jpg
GA,2,,D,Mr.,Sanford D.,Bishop,Jr.,2407 Rayburn House Office Building,,Washington,DC,20515-1002,Representative,,M,http://clerk.house.gov/content/assets/img/members/B000490.jpg
GA,3,,R,Mr.,A. Drew,Ferguson,IV,2239 Rayburn House Office Building,,Washington,DC,20515-1003,Representative,,M,http://clerk.house.gov/content/assets/img/members/F000465.jpg
GA,4,,D,Mr.,Henry C.,Johnson,Jr.,2240 Rayburn House Office Building,,Washington,DC,20515-1004,Representative,,M,http://clerk.house.gov/content/assets/img/members/J000288.jpg
GA,5,,D,Ms.,Nikema,Williams,,1406 Longworth House Office Building,,Washington,DC,20515-1005,Representative,,F,http://clerk.house.gov/content/assets/img/members/W000788.jpg
GA,6,,R,Mr.,Richard,McCormick,,1213 Longworth House Office Building,,Washington,DC,20515-1006,Representative,,M,http://clerk.house.gov/content/assets/img/members/M001218.jpg
GA,7,,D,Ms.,Lucy,McBath,,2246 Rayburn House Office Building,,Washington,DC,20515-1007,Representative,,F,http://clerk.house.gov/content/assets/img/members/M001208.jpg
GA,8,,R,Mr.,Austin,Scott,,2185 Rayburn House Office Building,,Washington,DC,20515-1008,Representative,,M,http://clerk.house.gov/content/assets/img/members/S001189.jpg
GA,9,,R,Mr.,Andrew S.,Clyde,,445 Cannon House Office Building,,Washington,DC,20515-1009,Representative,,M,http://clerk.house.gov/content/assets/img/members/C001116.jpg
GA,10,,R,Mr.,Mike,Collins,,1223 Longworth House Office Building,,Washington,DC,20515-1010,Representative,,M,http://clerk.house.gov/content/assets/img/members/C001129.jpg
GA,11,,R,Mr.,Barry,Loudermilk,,2133 Rayburn House Office Building,,Washington,DC,20515-1011,Representative,,M,http://clerk.house.gov/content/assets/img/members/L000583.jpg
GA,12,,R,Mr.,Rick W.,Allen,,462 Cannon House Office Building,,Washington,DC,20515-1012,Representative,,M,http://clerk.house.gov/content/assets/img/members/A000372.jpg
GA,13,,D,Mr.,David,Scott,,468 Cannon House Office Building,,Washington,DC,20515-1013,Representative,,M,http://clerk.house.gov/content/assets/img/members/S001157.jpg
GA,14,,R,Ms.,Marjorie Taylor,Greene,,403 Cannon House Office Building,,Washington,DC,20515-1014,Representative,,F,http://clerk.house.gov/content/assets/img/members/G000596.jpg
GU,,S,R,Mr.,James C.,Moylan,,1628 Longworth House Office Building,,Washington,DC,20515-5301,Representative,,M,http://clerk.house.gov/content/assets/img/members/M001219.jpg
HI,1,,D,Mr.,Ed,Case,,2210 Rayburn House Office Building,,Washington,DC,20515-1101,Representative,,M,http://clerk.house.gov/content/assets/img/members/C001055.jpg
HI,2,,D,Ms.,Jill N.,Tokuda,,1005 Cannon House Office Building,,Washington,DC,20515-1102,Representative,,F,http://clerk.house.gov/content/assets/img/members/T000487.jpg
IA,1,,R,Ms.,Mariannette,Miller-Meeks,,1034 Longworth House Office Building,,Washington,DC,20515-1501,Representative,,F,http://clerk.house.gov/content/assets/img/members/M001215.jpg
IA,2,,R,Ms.,Ashley,Hinson,,1717 Longworth House Office Building,,Washington,DC,20515-1502,Representative,,F,http://clerk.house.gov/content/assets/img/members/H001091.jpg
IA,3,,R,Mr.,Zachary,Nunn,,1232 Longworth House Office Building,,Washington,DC,20515-1503,Representative,,M,http://clerk.house.gov/content/assets/img/members/N000193.jpg
IA,4,,R,Mr.,Randy,Feenstra,,1440 Longworth House Office Building,,Washington,DC,20515-1504,Representative,,M,http://clerk.house.gov/content/assets/img/members/F000446.jpg
ID,1,,R,Mr.,Russ,Fulcher,,1514 Longworth House Office Building,,Washington,DC,20515-1201,Representative,,M,http://clerk.house.gov/content/assets/img/members/F000469.jpg
ID,2,,R,Mr.,Michael K.,Simpson,,2084 Rayburn House Office Building,,Washington,DC,20515-1202,Representative,,M,http://clerk.house.gov/content/assets/img/members/S001148.jpg
IL,1,,D,Mr.,Jonathan L.,Jackson,,1641 Longworth House Office Building,,Washington,DC,20515-1301,Representative,,M,http://clerk.house.gov/content/assets/img/members/J000309.jpg
IL,2,,D,Ms.,Robin L.,Kelly,,2329 Rayburn House Office Building,,Washington,DC,20515-1302,Representative,,F,http://clerk.house.gov/content/assets/img/members/K000385.jpg
IL,3,,D,Ms.,Delia C.,Ramirez,,1523 Longworth House Office Building,,Washington,DC,20515-1303,Representative,,F,http://clerk.house.gov/content/assets/img/members/R000617.jpg
IL,4,,D,Mr.,Jesus G.,Garcia,,1519 Longworth House Office Building,,Washington,DC,20515-1304,Representative,,M,http://clerk.house.gov/content/assets/img/members/G000586.jpg
IL,5,,D,Mr.,Mike,Quigley,,2083 Rayburn House Office Building,,Washington,DC,20515-1305,Representative,,M,http://clerk.house.gov/content/assets/img/members/Q000023.jpg
IL,6,,D,Mr.,Sean,Casten,,2440 Rayburn House Office Building,,Washington,DC,20515-1306,Representative,,M,http://clerk.house.gov/content/assets/img/members/C001117.jpg
IL,7,,D,Mr.,Danny K.,Davis,,2159 Rayburn House Office Building,,Washington,DC,20515-1307,Representative,,M,http://clerk.house.gov/content/assets/img/members/D000096.jpg
IL,8,,D,Mr.,Raja,Krishnamoorthi,,2367 Rayburn House Office Building,,Washington,DC,20515-1308,Representative,,M,http://clerk.house.gov/content/assets/img/members/K000391.jpg
IL,9,,D,Ms.,Janice D.,Schakowsky,,2408 Rayburn House Office Building,,Washington,DC,20515-1309,Representative,,F,http://clerk.house.gov/content/assets/img/members/S001145.jpg
IL,10,,D,Mr.,Bradley Scott,Schneider,,300 Cannon House Office Building,,Washington,DC,20515-1310,Representative,,M,http://clerk.house.gov/content/assets/img/members/S001190.jpg
IL,11,,D,Mr.,Bill,Foster,,2366 Rayburn House Office Building,,Washington,DC,20515-1311,Representative,,M,http://clerk.house.gov/content/assets/img/members/F000454.jpg
IL,12,,R,Mr.,Mike,Bost,,352 Cannon House Office Building,,Washington,DC,20515-1312,Representative,,M,http://clerk.house.gov/content/assets/img/members/B001295.jpg
IL,13,,D,Ms.,Nikki,Budzinski,,1009 Longworth House Office Building,,Washington,DC,20515-1313,Representative,,F,http://clerk.house.gov/content/assets/img/members/B001315.jpg
IL,14,,D,Ms.,Lauren,Underwood,,1410 Longworth House Office Building,,Washington,DC,20515-1314,Representative,,F,http://clerk.house.gov/content/assets/img/members/U000040.jpg
IL,15,,R,Ms.,Mary E.,Miller,,1740 Longworth House Office Building,,Washington,DC,20515-1315,Representative,,F,http://clerk.house.gov/content/assets/img/members/M001211.jpg
IL,16,,R,Mr.,Darin,LaHood,,1424 Longworth House Office Building,,Washington,DC,20515-1316,Representative,,M,http://clerk.house.gov/content/assets/img/members/L000585.jpg
IL,17,,D,Mr.,Eric,Sorensen,,1205 Longworth House Office Building,,Washington,DC,20515-1317,Representative,,M,http://clerk.house.gov/content/assets/img/members/S001225.jpg
IN,1,,D,Mr.,Frank J.,Mrvan,,1607 Longworth House Office Building,,Washington,DC,20515-1401,Representative,,M,http://clerk.house.gov/content/assets/img/members/M001214.jpg
IN,2,,R,Mr.,Rudy,Yakym,III,349 Cannon House Office Building,,Washington,DC,20515-1402,Representative,,M,http://clerk.house.gov/content/assets/img/members/Y000067.jpg
IN,3,,R,Mr.,Jim,Banks,,2418 Longworth House Office Building,,Washington,DC,20515-1403,Representative,,M,http://clerk.house.gov/content/assets/img/members/B001299.jpg
IN,4,,R,Mr.,James R.,Baird,,2303 Rayburn House Office Building,,Washington,DC,20515-1404,Representative,,M,http://clerk.house.gov/content/assets/img/members/B001307.jpg
IN,5,,R,Ms.,Victoria,Spartz,,1609 Longworth House Office Building,,Washington,DC,20515-1405,Representative,,F,http://clerk.house.gov/content/assets/img/members/S000929.jpg
IN,6,,R,Mr.,Greg,Pence,,404 Cannon House Office Building,,Washington,DC,20515-1406,Representative,,M,http://clerk.house.gov/content/assets/img/members/P000615.jpg
IN,7,,D,Mr.,Andre,Carson,,2135 Rayburn House Office Building,,Washington,DC,20515-1407,Representative,,M,http://clerk.house.gov/content/assets/img/members/C001072.jpg
IN,8,,R,Mr.,Larry,Bucshon,,2313 Rayburn House Office Building,,Washington,DC,20515-1408,Representative,,M,http://clerk.house.gov/content/assets/img/members/B001275.jpg
IN,9,,R,Mr.,Erin,Houchin,,1632 Longworth House Office Building,,Washington,DC,20515-1409,Representative,,M,http://clerk.house.gov/content/assets/img/members/H001093.jpg
KS,1,,R,Ms.,Tracey,Mann,,344 Cannon House Office Building,,Washington,DC,20515-1601,Representative,,F,http://clerk.house.gov/content/assets/img/members/M000871.jpg
KS,2,,R,Mr.,Jake,LaTurner,,2441 Rayburn House Office Building,,Washington,DC,20515-1602,Representative,,M,http://clerk.house.gov/content/assets/img/members/L000266.jpg
KS,3,,D,Ms.,Sharice,Davids,,2435 Rayburn House Office Building,,Washington,DC,20515-1603,Representative,,F,http://clerk.house.gov/content/assets/img/members/D000629.jpg
KS,4,,R,Mr.,Ron,Estes,,2234 Rayburn House Office Building,,Washington,DC,20515-1604,Representative,,M,http://clerk.house.gov/content/assets/img/members/E000298.jpg
KY,1,,R,Mr.,James,Comer,,2410 Rayburn House Office Building,,Washington,DC,20515-1701,Representative,,M,http://clerk.house.gov/content/assets/img/members/C001108.jpg
KY,2,,R,Mr.,Brett,Guthrie,,2434 Rayburn House Office Building,,Washington,DC,20515-1702,Representative,,M,http://clerk.house.gov/content/assets/img/members/G000558.jpg
KY,3,,D,Mr.,Morgan,McGarvey,,1527 Longworth House Office Building,,Washington,DC,20515-1703,Representative,,M,http://clerk.house.gov/content/assets/img/members/M001220.jpg
KY,4,,R,Mr.,Thomas,Massie,,2453 Rayburn House Office Building,,Washington,DC,20515-1704,Representative,,M,http://clerk.house.gov/content/assets/img/members/M001184.jpg
KY,5,,R,Mr.,Harold,Rogers,,2406 Rayburn House Office Building,,Washington,DC,20515-1705,Representative,,M,http://clerk.house.gov/content/assets/img/members/R000395.jpg
KY,6,,R,Mr.,Andy,Barr,,2430 Rayburn House Office Building,,Washington,DC,20515-1706,Representative,,M,http://clerk.house.gov/content/assets/img/members/B001282.jpg
LA,1,,R,Mr.,Steve,Scalise,,2049 Rayburn House Office Building,,Washington,DC,20515-1801,Representative,Majority Leader,M,http://clerk.house.gov/content/assets/img/members/S001176.jpg
LA,2,,D,Mr.,Troy A.,Carter,,442 Cannon House Office Building,,Washington,DC,20515-1802,Representative,,M,http://clerk.house.gov/content/assets/img/members/C001125.jpg
LA,3,,R,Mr.,Clay,Higgins,,572 Cannon House Office Building,,Washington,DC,20515-1803,Representative,,M,http://clerk.house.gov/content/assets/img/members/H001077.jpg
LA,4,,R,Mr.,Mike,Johnson,,568 Cannon House Office Building,,Washington,DC,20515-1804,Representative,Speaker of the House,M,http://clerk.house.gov/content/assets/img/members/J000299.jpg
LA,5,,R,Ms.,Julia,Letlow,,142 Cannon House Office Building,,Washington,DC,20515-1805,Representative,,F,http://clerk.house.gov/content/assets/img/members/L000595.jpg
LA,6,,R,Mr.,Garret,Graves,,2402 Rayburn House Office Building,,Washington,DC,20515-1806,Representative,,M,http://clerk.house.gov/content/assets/img/members/G000577.jpg
MA,1,,D,Mr.,Richard E.,Neal,,372 Cannon House Office Building,,Washington,DC,20515-2101,Representative,,M,http://clerk.house.gov/content/assets/img/members/N000015.jpg
MA,2,,D,Mr.,James P.,McGovern,,370 Cannon House Office Building,,Washington,DC,20515-2102,Representative,,M,http://clerk.house.gov/content/assets/img/members/M000312.jpg
MA,3,,D,Ms.,Lori,Trahan,,2439 Rayburn House Office Building,,Washington,DC,20515-2103,Representative,,F,http://clerk.house.gov/content/assets/img/members/T000482.jpg
MA,4,,D,Mr.,Jake,Auchincloss,,1524 Longworth House Office Building,,Washington,DC,20515-2104,Representative,,M,http://clerk.house.gov/content/assets/img/members/A000148.jpg
MA,5,,D,Ms.,Katherine M.,Clark,,2368 Rayburn House Office Building,,Washington,DC,20515-2105,Representative,,F,http://clerk.house.gov/content/assets/img/members/C001101.jpg
MA,6,,D,Mr.,Seth,Moulton,,1126 Longworth House Office Building,,Washington,DC,20515-2106,Representative,,M,http://clerk.house.gov/content/assets/img/members/M001196.jpg
MA,7,,D,Ms.,Ayanna,Pressley,,402 Cannon House Office Building,,Washington,DC,20515-2107,Representative,,F,http://clerk.house.gov/content/assets/img/members/P000617.jpg
MA,8,,D,Mr.,Stephen F.,Lynch,,2109 Rayburn House Office Building,,Washington,DC,20515-2108,Representative,,M,http://clerk.house.gov/content/assets/img/members/L000562.jpg
MA,9,,D,Mr.,William R.,Keating,,2351 Rayburn House Office Building,,Washington,DC,20515-2109,Representative,,M,http://clerk.house.gov/content/assets/img/members/K000375.jpg
MD,1,,R,Mr.,Andy,Harris,,1536 Longworth House Office Building,,Washington,DC,20515-2001,Representative,,M,http://clerk.house.gov/content/assets/img/members/H001052.jpg
MD,2,,D,Mr.,C. A. Dutch,Ruppersberger,,2206 Rayburn House Office Building,,Washington,DC,20515-2002,Representative,,M,http://clerk.house.gov/content/assets/img/members/R000576.jpg
MD,3,,D,Mr.,John P.,Sarbanes,,2370 Rayburn House Office Building,,Washington,DC,20515-2003,Representative,,M,http://clerk.house.gov/content/assets/img/members/S001168.jpg
MD,4,,D,Mr.,Glenn,Ivey,,1529 Longworth House Office Building,,Washington,DC,20515-2004,Representative,,M,http://clerk.house.gov/content/assets/img/members/I000058.jpg
MD,5,,D,Mr.,Steny H.,Hoyer,,1705 Longworth House Office Building,,Washington,DC,20515-2005,Representative,,M,http://clerk.house.gov/content/assets/img/members/H000874.jpg
MD,6,,D,Mr.,David J.,Trone,,2404 Rayburn House Office Building,,Washington,DC,20515-2006,Representative,,M,http://clerk.house.gov/content/assets/img/members/T000483.jpg
MD,7,,D,Mr.,Kweisi,Mfume,,2263 Rayburn House Office Building,,Washington,DC,20515-2007,Representative,,M,http://clerk.house.gov/content/assets/img/members/M000687.jpg
MD,8,,D,Mr.,Jamie,Raskin,,2242 Rayburn House Office Building,,Washington,DC,20515-2008,Representative,,M,http://clerk.house.gov/content/assets/img/members/R000606.jpg
ME,1,,D,Ms.,Chellie,Pingree,,2354 Rayburn House Office Building,,Washington,DC,20515-1901,Representative,,F,http://clerk.house.gov/content/assets/img/members/P000597.jpg
ME,2,,D,Mr.,Jared F.,Golden,,1710 Longworth House Office Building,,Washington,DC,20515-1902,Representative,,M,http://clerk.house.gov/content/assets/img/members/G000592.jpg
MI,1,,R,Mr.,Jack,Bergman,,566 Cannon House Office Building,,Washington,DC,20515-2201,Representative,,M,http://clerk.house.gov/content/assets/img/members/B001301.jpg
MI,2,,R,Mr.,John R.,Moolenaar,,246 Cannon House Office Building,,Washington,DC,20515-2202,Representative,,M,http://clerk.house.gov/content/assets/img/members/M001194.jpg
MI,3,,D,Ms.,Hillary J.,Scholten,,1317 Longworth House Office Building,,Washington,DC,20515-2203,Representative,,F,http://clerk.house.gov/content/assets/img/members/S001221.jpg
MI,4,,R,Mr.,Bill,Huizenga,,2232 Rayburn House Office Building,,Washington,DC,20515-2204,Representative,,M,http://clerk.house.gov/content/assets/img/members/H001058.jpg
MI,5,,R,Mr.,Tim,Walberg,,2266 Rayburn House Office Building,,Washington,DC,20515-2205,Representative,,M,http://clerk.house.gov/content/assets/img/members/W000798.jpg
MI,6,,D,Ms.,Debbie,Dingell,,102 Cannon House Office Building,,Washington,DC,20515-2206,Representative,,F,http://clerk.house.gov/content/assets/img/members/D000624.jpg
MI,7,,D,Ms.,Elissa,Slotkin,,2245 Rayburn House Office Building,,Washington,DC,20515-2207,Representative,,F,http://clerk.house.gov/content/assets/img/members/S001208.jpg
MI,8,,D,Mr.,Daniel T.,Kildee,,200 Cannon House Office Building,,Washington,DC,20515-2208,Representative,,M,http://clerk.house.gov/content/assets/img/members/K000380.jpg
MI,9,,R,Ms.,Lisa C.,McClain,,444 Cannon House Office Building,,Washington,DC,20515-2209,Representative,,F,http://clerk.house.gov/content/assets/img/members/M001136.jpg
MI,10,,R,Mr.,John,James,,1319 Longworth House Office Building,,Washington,DC,20515-2210,Representative,,M,http://clerk.house.gov/content/assets/img/members/J000307.jpg
MI,11,,D,Ms.,Haley M.,Stevens,,2411 Rayburn House Office Building,,Washington,DC,20515-2211,Representative,,F,http://clerk.house.gov/content/assets/img/members/S001215.jpg
MI,12,,D,Ms.,Rashida,Tlaib,,2438 Rayburn House Office Building,,Washington,DC,20515-2212,Representative,,F,http://clerk.house.gov/content/assets/img/members/T000481.jpg
MI,13,,D,Ms.,Shri,Thanedar,,1039 Longworth House Office Building,,Washington,DC,20515-2213,Representative,,F,http://clerk.house.gov/content/assets/img/members/T000488.jpg
MN,1,,R,Mr.,Brad,Finstad,,1605 Longworth House Office Building,,Washington,DC,20515-2301,Representative,,M,http://clerk.house.gov/content/assets/img/members/F000475.jpg
MN,2,,D,Ms.,Angie,Craig,,2442 Rayburn House Office Building,,Washington,DC,20515-2302,Representative,,F,http://clerk.house.gov/content/assets/img/members/C001119.jpg
MN,3,,D,Mr.,Dean,Phillips,,2452 Rayburn House Office Building,,Washington,DC,20515-2303,Representative,,M,http://clerk.house.gov/content/assets/img/members/P000616.jpg
MN,4,,D,Mr.,Betty,McCollum,,2426 Rayburn House Office Building,,Washington,DC,20515-2304,Representative,,M,http://clerk.house.gov/content/assets/img/members/M001143.jpg
MN,5,,D,Ms.,Ilhan,Omar,,1730 Longworth House Office Building,,Washington,DC,20515-2305,Representative,,F,http://clerk.house.gov/content/assets/img/members/O000173.jpg
MN,6,,R,Mr.,Tom,Emmer,,464 Cannon House Office Building,,Washington,DC,20515-2306,Representative,,M,http://clerk.house.gov/content/assets/img/members/E000294.jpg
MN,7,,R,Ms.,Michelle,Fischbach,,1004 Longworth House Office Building,,Washington,DC,20515-2307,Representative,,F,http://clerk.house.gov/content/assets/img/members/F000470.jpg
MN,8,,R,Mr.,Pete,Stauber,,145 Cannon House Office Building,,Washington,DC,20515-2308,Representative,,M,http://clerk.house.gov/content/assets/img/members/S001212.jpg
MO,1,,D,Ms.,Cori,Bush,,2463 Rayburn House Office Building,,Washington,DC,20515-2501,Representative,,F,http://clerk.house.gov/content/assets/img/members/B001224.jpg
MO,2,,R,Ms.,Ann,Wagner,,2350 Rayburn House Office Building,,Washington,DC,20515-2502,Representative,,F,http://clerk.house.gov/content/assets/img/members/W000812.jpg
MO,3,,R,Mr.,Blaine,Luetkemeyer,,2230 Rayburn House Office Building,,Washington,DC,20515-2503,Representative,,M,http://clerk.house.gov/content/assets/img/members/L000569.jpg
MO,4,,R,Mr.,Mark,Alford,,1516 Longworth House Office Building,,Washington,DC,20515-2504,Representative,,M,http://clerk.house.gov/content/assets/img/members/A000379.jpg
MO,5,,D,Mr.,Emanuel,Cleaver,,2217 Rayburn House Office Building,,Washington,DC,20515-2505,Representative,,M,http://clerk.house.gov/content/assets/img/members/C001061.jpg
MO,6,,R,Mr.,Sam,Graves,,1135 Longworth House Office Building,,Washington,DC,20515-2506,Representative,,M,http://clerk.house.gov/content/assets/img/members/G000546.jpg
MO,7,,R,Mr.,Eric,Burlison,,1108 Longworth House Office Building,,Washington,DC,20515-2507,Representative,,M,http://clerk.house.gov/content/assets/img/members/B001316.jpg
MO,8,,R,Mr.,Jason,Smith,,1011 Rayburn House Office Building,,Washington,DC,20515-2508,Representative,,M,http://clerk.house.gov/content/assets/img/members/S001195.jpg
MP,,S,D,Mr.,Gregorio Kilili Camacho,Sablan,,2267 Rayburn House Office Building,,Washington,DC,20515-5201,Representative,,M,http://clerk.house.gov/content/assets/img/members/S001177.jpg
MS,1,,R,Mr.,Trent,Kelly,,2243 Rayburn House Office Building,,Washington,DC,20515-2401,Representative,,M,http://clerk.house.gov/content/assets/img/members/K000388.jpg
MS,2,,D,Mr.,Bennie G.,Thompson,,2466 Rayburn House Office Building,,Washington,DC,20515-2402,Representative,,M,http://clerk.house.gov/content/assets/img/members/T000193.jpg
MS,3,,R,Mr.,Michael,Guest,,450 Cannon House Office Building,,Washington,DC,20515-2403,Representative,,M,http://clerk.house.gov/content/assets/img/members/G000591.jpg
MS,4,,R,Mr.,Mike,Ezell,,443 Cannon House Office Building,,Washington,DC,20515-2404,Representative,,M,http://clerk.house.gov/content/assets/img/members/E000235.jpg
MT,1,,R,Mr.,Ryan K.,Zinke,,512 Cannon House Office Building,,Washington,DC,20515-2600,Representative,,M,http://clerk.house.gov/content/assets/img/members/Z000018.jpg
MT,2,,R,Mr.,Matthew M.,Rosendale,Sr.,1023 Longworth House Office Building,,Washington,DC,20515-0001,Representative,,M,http://clerk.house.gov/content/assets/img/members/R000103.jpg
NC,1,,D,Mr.,Donald G.,Davis,,1123 Longworth House Office Building,,Washington,DC,20515-3301,Representative,,M,http://clerk.house.gov/content/assets/img/members/D000230.jpg
NC,2,,D,Ms.,Deborah K.,Ross,,1221 Longworth House Office Building,,Washington,DC,20515-3302,Representative,,F,http://clerk.house.gov/content/assets/img/members/R000305.jpg
NC,3,,R,Mr.,Gregory F.,Murphy,,407 Cannon House Office Building,,Washington,DC,20515-3303,Representative,,M,http://clerk.house.gov/content/assets/img/members/M001210.jpg
NC,4,,D,Ms.,Valerie P.,Foushee,,1716 Longworth House Office Building,,Washington,DC,20515-3304,Representative,,F,http://clerk.house.gov/content/assets/img/members/F000477.jpg
NC,5,,R,Ms.,Virginia,Foxx,,2462 Rayburn House Office Building,,Washington,DC,20515-3305,Representative,,F,http://clerk.house.gov/content/assets/img/members/F000450.jpg
NC,6,,D,Ms.,Kathy E.,Manning,,307 Cannon House Office Building,,Washington,DC,20515-3306,Representative,,F,http://clerk.house.gov/content/assets/img/members/M001135.jpg
NC,7,,R,Mr.,David,Rouzer,,2333 Rayburn House Office Building,,Washington,DC,20515-3307,Representative,,M,http://clerk.house.gov/content/assets/img/members/R000603.jpg
NC,8,,R,Mr.,Dan,Bishop,,2459 Rayburn House Office Building,,Washington,DC,20515-3308,Representative,,M,http://clerk.house.gov/content/assets/img/members/B001311.jpg
NC,9,,R,Mr.,Richard,Hudson,,2112 Rayburn House Office Building,,Washington,DC,20515-3309,Representative,,M,http://clerk.house.gov/content/assets/img/members/H001067.jpg
NC,10,,R,Mr.,Patrick T.,McHenry,,2134 Rayburn House Office Building,,Washington,DC,20515-3310,Representative,,M,http://clerk.house.gov/content/assets/img/members/M001156.jpg
NC,11,,R,Mr.,Chuck,Edwards,,1505 Longworth House Office Building,,Washington,DC,20515-3311,Representative,,M,http://clerk.house.gov/content/assets/img/members/E000246.jpg
NC,12,,D,Ms.,Alma S.,Adams,,2436 Rayburn House Office Building,,Washington,DC,20515-3312,Representative,,F,http://clerk.house.gov/content/assets/img/members/A000370.jpg
NC,13,,D,Mr.,Wiley,Nickel,,1133 Longworth House Office Building,,Washington,DC,20515-3313,Representative,,M,http://clerk.house.gov/content/assets/img/members/N000194.jpg
NC,14,,D,Mr.,Jeff,Jackson,,1318 Longworth House Office Building,,Washington,DC,20515-0001,Representative,,M,http://clerk.house.gov/content/assets/img/members/J000308.jpg
ND,,S,R,Ms.,Kelly,Armstrong,,2235 Rayburn House Office Building,,Washington,DC,20515-3400,Representative,,F,http://clerk.house.gov/content/assets/img/members/A000377.jpg
NE,1,,R,Mr.,Mike,Flood,,343 Cannon House Office Building,,Washington,DC,20515-2701,Representative,,M,http://clerk.house.gov/content/assets/img/members/F000474.jpg
NE,2,,R,Mr.,Don,Bacon,,2104 Rayburn House Office Building,,Washington,DC,20515-2702,Representative,,M,http://clerk.house.gov/content/assets/img/members/B001298.jpg
NE,3,,R,Mr.,Adrian,Smith,,502 Cannon House Office Building,,Washington,DC,20515-2703,Representative,,M,http://clerk.house.gov/content/assets/img/members/S001172.jpg
NH,1,,D,Mr.,Chris,Pappas,,452 Cannon House Office Building,,Washington,DC,20515-2901,Representative,,M,http://clerk.house.gov/content/assets/img/members/P000614.jpg
NH,2,,D,Ms.,Ann M.,Kuster,,2201 Rayburn House Office Building,,Washington,DC,20515-2902,Representative,,F,http://clerk.house.gov/content/assets/img/members/K000382.jpg
NJ,1,,D,Mr.,Donald,Norcross,,2427 Rayburn House Office Building,,Washington,DC,20515-3001,Representative,,M,http://clerk.house.gov/content/assets/img/members/N000188.jpg
NJ,2,,R,Mr.,Jefferson,Van Drew,,2447 Rayburn House Office Building,,Washington,DC,20515-3002,Representative,,M,http://clerk.house.gov/content/assets/img/members/V000133.jpg
NJ,3,,D,Mr.,Andy,Kim,,2444 Rayburn House Office Building,,Washington,DC,20515-3003,Representative,,M,http://clerk.house.gov/content/assets/img/members/K000394.jpg
NJ,4,,R,Mr.,Christopher H.,Smith,,2373 Rayburn House Office Building,,Washington,DC,20515-3004,Representative,,M,http://clerk.house.gov/content/assets/img/members/S000522.jpg
NJ,5,,D,Mr.,Josh,Gottheimer,,203 Cannon House Office Building,,Washington,DC,20515-3005,Representative,,M,http://clerk.house.gov/content/assets/img/members/G000583.jpg
NJ,6,,D,Mr.,Frank,Pallone,Jr.,2107 Rayburn House Office Building,,Washington,DC,20515-3006,Representative,,M,http://clerk.house.gov/content/assets/img/members/P000034.jpg
NJ,7,,R,Mr.,Thomas H.,Kean,Jr.,251 Cannon House Office Building,,Washington,DC,20515-3007,Representative,,M,http://clerk.house.gov/content/assets/img/members/K000398.jpg
NJ,8,,D,Mr.,Robert,Menendez,,1007 Longworth House Office Building,,Washington,DC,20515-3008,Representative,,M,http://clerk.house.gov/content/assets/img/members/M001226.jpg
NJ,9,,D,Mr.,Bill,Pascrell,Jr.,2409 Rayburn House Office Building,,Washington,DC,20515-3009,Representative,,M,http://clerk.house.gov/content/assets/img/members/P000096.jpg
NJ,10,,,,,Office of the 10 Congressional District of New Jersey,,106 Cannon House Office Building,,Washington,DC,20515-3010,Representative,,M,https://www.nj.gov/nj/library/about/facts_seal.jpg
NJ,11,,D,Ms.,Mikie,Sherrill,,1427 Longworth House Office Building,,Washington,DC,20515-3011,Representative,,F,http://clerk.house.gov/content/assets/img/members/S001207.jpg
NJ,12,,D,Ms.,Bonnie,Watson Coleman,,168 Cannon House Office Building,,Washington,DC,20515-3012,Representative,,F,http://clerk.house.gov/content/assets/img/members/W000822.jpg
NM,1,,D,Ms.,Melanie A.,Stansbury,,1421 Longworth House Office Building,,Washington,DC,20515-3101,Representative,,F,http://clerk.house.gov/content/assets/img/members/S001218.jpg
NM,2,,D,Mr.,Gabe,Vasquez,,1517 Longworth House Office Building,,Washington,DC,20515-3102,Representative,,M,http://clerk.house.gov/content/assets/img/members/V000136.jpg
NM,3,,D,Ms.,Teresa,Leger Fernandez,,1510 Longworth House Office Building,,Washington,DC,20515-3103,Representative,,F,http://clerk.house.gov/content/assets/img/members/L000273.jpg
NV,1,,D,Ms.,Dina,Titus,,2464 Rayburn House Office Building,,Washington,DC,20515-2801,Representative,,F,http://clerk.house.gov/content/assets/img/members/T000468.jpg
NV,2,,R,Mr.,Mark E.,Amodei,,104 Cannon House Office Building,,Washington,DC,20515-2802,Representative,,M,http://clerk.house.gov/content/assets/img/members/A000369.jpg
NV,3,,D,Ms.,Susie,Lee,,365 Cannon House Office Building,,Washington,DC,20515-2803,Representative,,F,http://clerk.house.gov/content/assets/img/members/L000590.jpg
NV,4,,D,Mr.,Steven,Horsford,,406 Cannon House Office Building,,Washington,DC,20515-2804,Representative,,M,http://clerk.house.gov/content/assets/img/members/H001066.jpg
NY,1,,R,Mr.,Nick,LaLota,,1530 Longworth House Office Building,,Washington,DC,20515-3201,Representative,,M,http://clerk.house.gov/content/assets/img/members/L000598.jpg
NY,2,,R,Mr.,Andrew R.,Garbarino,,2344 Rayburn House Office Building,,Washington,DC,20515-3202,Representative,,M,http://clerk.house.gov/content/assets/img/members/G000597.jpg
NY,3,,D,Mr.,Thomas R.,Suozzi,,1117 Longworth House Office Building,,Washington,DC,20515-3203,Representative,,M,http://clerk.house.gov/content/assets/img/members/S001201.jpg
NY,4,,R,Mr.,Anthony,D'Esposito,,1508 Longworth House Office Building,,Washington,DC,20515-3204,Representative,,M,http://clerk.house.gov/content/assets/img/members/D000632.jpg
NY,5,,D,Mr.,Gregory W.,Meeks,,2310 Rayburn House Office Building,,Washington,DC,20515-3205,Representative,,M,http://clerk.house.gov/content/assets/img/members/M001137.jpg
NY,6,,D,Ms.,Grace,Meng,,2209 Rayburn House Office Building,,Washington,DC,20515-3206,Representative,,F,http://clerk.house.gov/content/assets/img/members/M001188.jpg
NY,7,,D,Ms.,Nydia M.,Velazquez,,2302 Rayburn House Office Building,,Washington,DC,20515-3207,Representative,,F,http://clerk.house.gov/content/assets/img/members/V000081.jpg
NY,8,,D,Mr.,Hakeem S.,Jeffries,,2433 Rayburn House Office Building,,Washington,DC,20515-3208,Representative,Democratic Leader,M,http://clerk.house.gov/content/assets/img/members/J000294.jpg
NY,9,,D,Ms.,Yvette D.,Clarke,,2058 Rayburn House Office Building,,Washington,DC,20515-3209,Representative,,F,http://clerk.house.gov/content/assets/img/members/C001067.jpg
NY,10,,D,Mr.,Daniel S.,Goldman,,245 Cannon House Office Building,,Washington,DC,20515-3210,Representative,,M,http://clerk.house.gov/content/assets/img/members/G000599.jpg
NY,11,,R,Ms.,Nicole,Malliotakis,,351 Cannon House Office Building,,Washington,DC,20515-3211,Representative,,F,http://clerk.house.gov/content/assets/img/members/M000317.jpg
NY,12,,D,Mr.,Jerrold,Nadler,,2132 Rayburn House Office Building,,Washington,DC,20515-3212,Representative,,M,http://clerk.house.gov/content/assets/img/members/N000002.jpg
NY,13,,D,Mr.,Adriano,Espaillat,,2332 Rayburn House Office Building,,Washington,DC,20515-3213,Representative,,M,http://clerk.house.gov/content/assets/img/members/E000297.jpg
NY,14,,D,Ms.,Alexandria,Ocasio-Cortez,,250 Cannon House Office Building,,Washington,DC,20515-3214,Representative,,F,http://clerk.house.gov/content/assets/img/members/O000172.jpg
NY,15,,D,Mr.,Ritchie,Torres,,1414 Longworth House Office Building,,Washington,DC,20515-3215,Representative,,M,http://clerk.house.gov/content/assets/img/members/T000486.jpg
NY,16,,D,Mr.,Jamaal,Bowman,,345 Cannon House Office Building,,Washington,DC,20515-3216,Representative,,M,http://clerk.house.gov/content/assets/img/members/B001223.jpg
NY,17,,R,Mr.,Michael,Lawler,,1013 Longworth House Office Building,,Washington,DC,20515-3217,Representative,,M,http://clerk.house.gov/content/assets/img/members/L000599.jpg
NY,18,,D,Mr.,Patrick,Ryan,,1030 Longworth House Office Building,,Washington,DC,20515-3218,Representative,,M,http://clerk.house.gov/content/assets/img/members/R000579.jpg
NY,19,,R,Mr.,Marcus J.,Molinaro,,1207 Longworth House Office Building,,Washington,DC,20515-3219,Representative,,M,http://clerk.house.gov/content/assets/img/members/M001221.jpg
NY,20,,D,Mr.,Paul,Tonko,,2369 Rayburn House Office Building,,Washington,DC,20515-3220,Representative,,M,http://clerk.house.gov/content/assets/img/members/T000469.jpg
NY,21,,R,Ms.,Elise M.,Stefanik,,2211 Rayburn House Office Building,,Washington,DC,20515-3221,Representative,,F,http://clerk.house.gov/content/assets/img/members/S001196.jpg
NY,22,,R,Mr.,Brandon,Williams,,1022 Longworth House Office Building,,Washington,DC,20515-3222,Representative,,M,http://clerk.house.gov/content/assets/img/members/W000828.jpg
NY,23,,R,Mr.,Nicholas A.,Langworthy,,1630 Longworth House Office Building,,Washington,DC,20515-3223,Representative,,M,http://clerk.house.gov/content/assets/img/members/L000600.jpg
NY,24,,R,Ms.,Claudia,Tenney,,2349 Rayburn House Office Building,,Washington,DC,20515-3224,Representative,,F,http://clerk.house.gov/content/assets/img/members/T000478.jpg
NY,25,,D,Mr.,Joseph D.,Morelle,,570 Cannon House Office Building,,Washington,DC,20515-3225,Representative,,M,http://clerk.house.gov/content/assets/img/members/M001206.jpg
NY,26,,D,Mr.,Timothy M.,Kennedy,,2269 Rayburn House Office Building,,Washington,DC,20515-3226,Representative,,M,http://clerk.house.gov/content/assets/img/members/K000402.jpg
OH,1,,D,Mr.,Greg,Landsman,,1432 Longworth House Office Building,,Washington,DC,20515-3501,Representative,,M,http://clerk.house.gov/content/assets/img/members/L000601.jpg
OH,2,,R,Mr.,Brad R.,Wenstrup,,2335 Rayburn House Office Building,,Washington,DC,20515-3502,Representative,,M,http://clerk.house.gov/content/assets/img/members/W000815.jpg
OH,3,,D,Ms.,Joyce,Beatty,,2079 Rayburn House Office Building,,Washington,DC,20515-3503,Representative,,F,http://clerk.house.gov/content/assets/img/members/B001281.jpg
OH,4,,R,Mr.,Jim,Jordan,,2056 Rayburn House Office Building,,Washington,DC,20515-3504,Representative,,M,http://clerk.house.gov/content/assets/img/members/J000289.jpg
OH,5,,R,Mr.,Robert E.,Latta,,2467 Rayburn House Office Building,,Washington,DC,20515-3505,Representative,,M,http://clerk.house.gov/content/assets/img/members/L000566.jpg
OH,6,,R,,,Office of the 6 Congressional District of Ohio,,2082 Rayburn House Office Building,,Washington,DC,20515-3506,Representative,,M,https://ohio.gov/wps/wcm/connect/gov/ad4fdb80-6e1c-4de1-a4db-c8186976c9d7/2/seal.jpg?MOD=AJPERES
OH,7,,R,Mr.,Max L.,Miller,,143 Cannon House Office Building,,Washington,DC,20515-3507,Representative,,M,http://clerk.house.gov/content/assets/img/members/M001222.jpg
OH,8,,R,Mr.,Warren,Davidson,,2113 Rayburn House Office Building,,Washington,DC,20515-3508,Representative,,M,http://clerk.house.gov/content/assets/img/members/D000626.jpg
OH,9,,D,Ms.,Marcy,Kaptur,,2186 Rayburn House Office Building,,Washington,DC,20515-3509,Representative,,F,http://clerk.house.gov/content/assets/img/members/K000009.jpg
OH,10,,R,Mr.,Michael R.,Turner,,2183 Rayburn House Office Building,,Washington,DC,20515-3510,Representative,,M,http://clerk.house.gov/content/assets/img/members/T000463.jpg
OH,11,,D,Mr.,Shontel M.,Brown,,449 Cannon House Office Building,,Washington,DC,20515-3511,Representative,,M,http://clerk.house.gov/content/assets/img/members/B001313.jpg
OH,12,,R,Mr.,Troy,Balderson,,2429 Rayburn House Office Building,,Washington,DC,20515-3512,Representative,,M,http://clerk.house.gov/content/assets/img/members/B001306.jpg
OH,13,,D,Ms.,Emilia Strong,Sykes,,1217 Longworth House Office Building,,Washington,DC,20515-3513,Representative,,F,http://clerk.house.gov/content/assets/img/members/S001223.jpg
OH,14,,R,Mr.,David P.,Joyce,,2065 Rayburn House Office Building,,Washington,DC,20515-3514,Representative,,M,http://clerk.house.gov/content/assets/img/members/J000295.jpg
OH,15,,R,Mr.,Mike,Carey,,1433 Longworth House Office Building,,Washington,DC,20515-3515,Representative,,M,http://clerk.house.gov/content/assets/img/members/C001126.jpg
OK,1,,R,Mr.,Kevin,Hern,,1019 Longworth House Office Building,,Washington,DC,20515-3601,Representative,,M,http://clerk.house.gov/content/assets/img/members/H001082.jpg
OK,2,,R,Mr.,Josh,Brecheen,,1208 Longworth House Office Building,,Washington,DC,20515-3602,Representative,,M,http://clerk.house.gov/content/assets/img/members/B001317.jpg
OK,3,,R,Mr.,Frank D.,Lucas,,2405 Rayburn House Office Building,,Washington,DC,20515-3603,Representative,,M,http://clerk.house.gov/content/assets/img/members/L000491.jpg
OK,4,,R,Mr.,Tom,Cole,,2207 Rayburn House Office Building,,Washington,DC,20515-3604,Representative,,M,http://clerk.house.gov/content/assets/img/members/C001053.jpg
OK,5,,R,Ms.,Stephanie I.,Bice,,2437 Rayburn House Office Building,,Washington,DC,20515-3605,Representative,,F,http://clerk.house.gov/content/assets/img/members/B000740.jpg
OR,1,,D,Ms.,Suzanne,Bonamici,,2231 Rayburn House Office Building,,Washington,DC,20515-3701,Representative,,F,http://clerk.house.gov/content/assets/img/members/B001278.jpg
OR,2,,R,Mr.,Cliff,Bentz,,409 Cannon House Office Building,,Washington,DC,20515-3702,Representative,,M,http://clerk.house.gov/content/assets/img/members/B000668.jpg
OR,3,,D,Mr.,Earl,Blumenauer,,1111 Longworth House Office Building,,Washington,DC,20515-3703,Representative,,M,http://clerk.house.gov/content/assets/img/members/B000574.jpg
OR,4,,D,Ms.,Val T.,Hoyle,,1620 Longworth House Office Building,,Washington,DC,20515-3704,Representative,,F,http://clerk.house.gov/content/assets/img/members/H001094.jpg
OR,5,,R,Ms.,Lori,Chavez-DeRemer,,1722 Longworth House Office Building,,Washington,DC,20515-3705,Representative,,F,http://clerk.house.gov/content/assets/img/members/C001135.jpg
OR,6,,D,Ms.,Andrea,Salinas,,109 Cannon House Office Building,,Washington,DC,20515-0001,Representative,,F,http://clerk.house.gov/content/assets/img/members/S001226.jpg
PA,1,,R,Mr.,Brian K.,Fitzpatrick,,271 Cannon House Office Building,,Washington,DC,20515-3801,Representative,,M,http://clerk.house.gov/content/assets/img/members/F000466.jpg
PA,2,,D,Ms.,Brendan F.,Boyle,,1502 Longworth House Office Building,,Washington,DC,20515-3802,Representative,,F,http://clerk.house.gov/content/assets/img/members/B001296.jpg
PA,3,,D,Mr.,Dwight,Evans,,1105 Longworth House Office Building,,Washington,DC,20515-3803,Representative,,M,http://clerk.house.gov/content/assets/img/members/E000296.jpg
PA,4,,D,Ms.,Madeleine,Dean,,150 Cannon House Office Building,,Washington,DC,20515-3804,Representative,,F,http://clerk.house.gov/content/assets/img/members/D000631.jpg
PA,5,,D,Ms.,Mary Gay,Scanlon,,1227 Longworth House Office Building,,Washington,DC,20515-3805,Representative,,F,http://clerk.house.gov/content/assets/img/members/S001205.jpg
PA,6,,D,Ms.,Chrissy,Houlahan,,1727 Longworth House Office Building,,Washington,DC,20515-3806,Representative,,F,http://clerk.house.gov/content/assets/img/members/H001085.jpg
PA,7,,D,Ms.,Susan,Wild,,1027 Longworth House Office Building,,Washington,DC,20515-3807,Representative,,F,http://clerk.house.gov/content/assets/img/members/W000826.jpg
PA,8,,D,Mr.,Matt,Cartwright,,2102 Rayburn House Office Building,,Washington,DC,20515-3808,Representative,,M,http://clerk.house.gov/content/assets/img/members/C001090.jpg
PA,9,,R,Mr.,Daniel,Meuser,,350 Cannon House Office Building,,Washington,DC,20515-3809,Representative,,M,http://clerk.house.gov/content/assets/img/members/M001204.jpg
PA,10,,R,Mr.,Scott,Perry,,2160 Rayburn House Office Building,,Washington,DC,20515-3810,Representative,,M,http://clerk.house.gov/content/assets/img/members/P000605.jpg
PA,11,,R,Mr.,Lloyd,Smucker,,302 Cannon House Office Building,,Washington,DC,20515-3811,Representative,,M,http://clerk.house.gov/content/assets/img/members/S001199.jpg
PA,12,,D,Ms.,Summer L.,Lee,,243 Cannon House Office Building,,Washington,DC,20515-3812,Representative,,F,http://clerk.house.gov/content/assets/img/members/L000602.jpg
PA,13,,R,Mr.,John,Joyce,,152 Cannon House Office Building,,Washington,DC,20515-3813,Representative,,M,http://clerk.house.gov/content/assets/img/members/J000302.jpg
PA,14,,R,Mr.,Guy,Reschenthaler,,342 Cannon House Office Building,,Washington,DC,20515-3814,Representative,,M,http://clerk.house.gov/content/assets/img/members/R000610.jpg
PA,15,,R,Mr.,Glenn,Thompson,,400 Cannon House Office Building,,Washington,DC,20515-3815,Representative,,M,http://clerk.house.gov/content/assets/img/members/T000467.jpg
PA,16,,R,Mr.,Mike,Kelly,,1707 Longworth House Office Building,,Washington,DC,20515-3816,Representative,,M,http://clerk.house.gov/content/assets/img/members/K000376.jpg
PA,17,,D,Mr.,Christopher R.,Deluzio,,1222 Longworth House Office Building,,Washington,DC,20515-3817,Representative,,M,http://clerk.house.gov/content/assets/img/members/D000530.jpg
PR,,S,R,Ms.,Jenniffer,Gonzalez-Colon,,2338 Rayburn House Office Building,,Washington,DC,20515-5401,Representative,,F,http://clerk.house.gov/content/assets/img/members/G000582.jpg
RI,1,,D,Mr.,Gabe ,Amo,,2233 Rayburn House Office Building,,Washington,DC,20515-3901,Representative,,M,http://clerk.house.gov/content/assets/img/members/A000380.jpg
RI,2,,D,Mr.,Seth,Magaziner,,1218 Longworth House Office Building,,Washington,DC,20515-3902,Representative,,M,http://clerk.house.gov/content/assets/img/members/M001223.jpg
SC,1,,R,Ms.,Nancy,Mace,,1728 Longworth House Office Building,,Washington,DC,20515-4001,Representative,,F,http://clerk.house.gov/content/assets/img/members/M000194.jpg
SC,2,,R,Mr.,Joe,Wilson,,1436 Longworth House Office Building,,Washington,DC,20515-4002,Representative,,M,http://clerk.house.gov/content/assets/img/members/W000795.jpg
SC,3,,R,Mr.,Jeff,Duncan,,2229 Rayburn House Office Building,,Washington,DC,20515-4003,Representative,,M,http://clerk.house.gov/content/assets/img/members/D000615.jpg
SC,4,,R,Mr.,William R.,Timmons,IV,267 Cannon House Office Building,,Washington,DC,20515-4004,Representative,,M,http://clerk.house.gov/content/assets/img/members/T000480.jpg
SC,5,,R,Mr.,Ralph,Norman,,569 Cannon House Office Building,,Washington,DC,20515-4005,Representative,,M,http://clerk.house.gov/content/assets/img/members/N000190.jpg
SC,6,,D,Mr.,James E.,Clyburn,,274 Cannon House Office Building,,Washington,DC,20515-4006,Representative,,M,http://clerk.house.gov/content/assets/img/members/C000537.jpg
SC,7,,R,Mr.,Russell,Fry,,1626 Longworth House Office Building,,Washington,DC,20515-4007,Representative,,M,http://clerk.house.gov/content/assets/img/members/F000478.jpg
SD,,S,R,Mr.,Dusty,Johnson,,1714 Longworth House Office Building,,Washington,DC,20515-4100,Representative,,M,http://clerk.house.gov/content/assets/img/members/J000301.jpg
TN,1,,R,Ms.,Diana,Harshbarger,,167 Cannon House Office Building,,Washington,DC,20515-4201,Representative,,F,http://clerk.house.gov/content/assets/img/members/H001086.jpg
TN,2,,R,Mr.,Tim,Burchett,,1122 Longworth House Office Building,,Washington,DC,20515-4202,Representative,,M,http://clerk.house.gov/content/assets/img/members/B001309.jpg
TN,3,,R,Mr.,"Charles J. ""Chuck""",Fleischmann,,2187 Rayburn House Office Building,,Washington,DC,20515-4203,Representative,,M,http://clerk.house.gov/content/assets/img/members/F000459.jpg
TN,4,,R,Mr.,Scott,DesJarlais,,2304 Rayburn House Office Building,,Washington,DC,20515-4204,Representative,,M,http://clerk.house.gov/content/assets/img/members/D000616.jpg
TN,5,,R,Mr.,Andrew,Ogles,,151 Cannon House Office Building,,Washington,DC,20515-4205,Representative,,M,http://clerk.house.gov/content/assets/img/members/O000175.jpg
TN,6,,R,Mr.,John W.,Rose,,2238 Longworth House Office Building,,Washington,DC,20515-4206,Representative,,M,http://clerk.house.gov/content/assets/img/members/R000612.jpg
TN,7,,R,Mr.,Mark E.,Green,,2446 Rayburn House Office Building,,Washington,DC,20515-4207,Representative,,M,http://clerk.house.gov/content/assets/img/members/G000590.jpg
TN,8,,R,Mr.,David,Kustoff,,560 Cannon House Office Building,,Washington,DC,20515-4208,Representative,,M,http://clerk.house.gov/content/assets/img/members/K000392.jpg
TN,9,,D,Mr.,Steve,Cohen,,2268 Rayburn House Office Building,,Washington,DC,20515-4209,Representative,,M,http://clerk.house.gov/content/assets/img/members/C001068.jpg
TX,1,,R,Mr.,Nathaniel,Moran,,1541 Longworth House Office Building,,Washington,DC,20515-4301,Representative,,M,http://clerk.house.gov/content/assets/img/members/M001224.jpg
TX,2,,R,Mr.,Dan,Crenshaw,,248 Cannon House Office Building,,Washington,DC,20515-4302,Representative,,M,http://clerk.house.gov/content/assets/img/members/C001120.jpg
TX,3,,R,Mr.,Keith,Self,,1113 Longworth House Office Building,,Washington,DC,20515-4303,Representative,,M,http://clerk.house.gov/content/assets/img/members/S001224.jpg
TX,4,,R,Mr.,Pat,Fallon,,2416 Longworth House Office Building,,Washington,DC,20515-4304,Representative,,M,http://clerk.house.gov/content/assets/img/members/F000246.jpg
TX,5,,R,Mr.,Lance,Gooden,,2431 Rayburn House Office Building,,Washington,DC,20515-4305,Representative,,M,http://clerk.house.gov/content/assets/img/members/G000589.jpg
TX,6,,R,Mr.,Jake,Ellzey,,1721 Longworth House Office Building,,Washington,DC,20515-4306,Representative,,M,http://clerk.house.gov/content/assets/img/members/E000071.jpg
TX,7,,D,Ms.,Lizzie,Fletcher,,346 Cannon House Office Building,,Washington,DC,20515-4307,Representative,,F,http://clerk.house.gov/content/assets/img/members/F000468.jpg
TX,8,,R,Mr.,Morgan,Luttrell,,1320 Longworth House Office Building,,Washington,DC,20515-4308,Representative,,M,http://clerk.house.gov/content/assets/img/members/L000603.jpg
TX,9,,D,Mr.,Al,Green,,2347 Rayburn House Office Building,,Washington,DC,20515-4309,Representative,,M,http://clerk.house.gov/content/assets/img/members/G000553.jpg
TX,10,,R,Mr.,Michael T.,McCaul,,2300 Rayburn House Office Building,,Washington,DC,20515-4310,Representative,,M,http://clerk.house.gov/content/assets/img/members/M001157.jpg
TX,11,,R,Mr.,August,Pfluger,,1124 Longworth House Office Building,,Washington,DC,20515-4311,Representative,,M,http://clerk.house.gov/content/assets/img/members/P000048.jpg
TX,12,,R,Ms.,Kay,Granger,,2308 Rayburn House Office Building,,Washington,DC,20515-4312,Representative,,F,http://clerk.house.gov/content/assets/img/members/G000377.jpg
TX,13,,R,Mr.,Ronny,Jackson,,446 Cannon House Office Building,,Washington,DC,20515-4313,Representative,,M,http://clerk.house.gov/content/assets/img/members/J000304.jpg
TX,14,,R,Mr.,Randy K.,Weber,Sr.,107 Cannon House Office Building,,Washington,DC,20515-4314,Representative,,M,http://clerk.house.gov/content/assets/img/members/W000814.jpg
TX,15,,R,Ms.,Monica,De La Cruz,,1415 Longworth House Office Building,,Washington,DC,20515-4315,Representative,,F,http://clerk.house.gov/content/assets/img/members/D000594.jpg
TX,16,,D,Ms.,Veronica,Escobar,,2448 Longworth House Office Building,,Washington,DC,20515-4316,Representative,,F,http://clerk.house.gov/content/assets/img/members/E000299.jpg
TX,17,,R,Mr.,Pete,Sessions,,2204 Rayburn House Office Building,,Washington,DC,20515-4317,Representative,,M,http://clerk.house.gov/content/assets/img/members/S000250.jpg
TX,18,,D,Ms.,Sheila,Jackson Lee,,2314 Rayburn House Office Building,,Washington,DC,20515-4318,Representative,,F,http://clerk.house.gov/content/assets/img/members/J000032.jpg
TX,19,,R,Ms.,Jodey C.,Arrington,,1107 Longworth House Office Building,,Washington,DC,20515-4319,Representative,,F,http://clerk.house.gov/content/assets/img/members/A000375.jpg
TX,20,,D,Mr.,Joaquin,Castro,,2241 Rayburn House Office Building,,Washington,DC,20515-4320,Representative,,M,http://clerk.house.gov/content/assets/img/members/C001091.jpg
TX,21,,R,Mr.,Chip,Roy,,103 Cannon House Office Building,,Washington,DC,20515-4321,Representative,,M,http://clerk.house.gov/content/assets/img/members/R000614.jpg
TX,22,,R,Mr.,Troy E.,Nehls,,1104 Longworth House Office Building,,Washington,DC,20515-4322,Representative,,M,http://clerk.house.gov/content/assets/img/members/N000026.jpg
TX,23,,R,Mr.,Tony,Gonzales,,2244 Rayburn House Office Building,,Washington,DC,20515-4323,Representative,,M,http://clerk.house.gov/content/assets/img/members/G000594.jpg
TX,24,,R,Ms.,Beth,Van Duyne,,1725 Longworth House Office Building,,Washington,DC,20515-4324,Representative,,F,http://clerk.house.gov/content/assets/img/members/V000134.jpg
TX,25,,R,Mr.,Roger,Williams,,2336 Rayburn House Office Building,,Washington,DC,20515-4325,Representative,,M,http://clerk.house.gov/content/assets/img/members/W000816.jpg
TX,26,,R,Mr.,Michael C.,Burgess,,2161 Rayburn House Office Building,,Washington,DC,20515-4326,Representative,,M,http://clerk.house.gov/content/assets/img/members/B001248.jpg
TX,27,,R,Mr.,Michael,Cloud,,171 Cannon House Office Building,,Washington,DC,20515-4327,Representative,,M,http://clerk.house.gov/content/assets/img/members/C001115.jpg
TX,28,,D,Mr.,Henry,Cuellar,,2372 Rayburn House Office Building,,Washington,DC,20515-4328,Representative,,M,http://clerk.house.gov/content/assets/img/members/C001063.jpg
TX,29,,D,Ms.,Sylvia R.,Garcia,,2419 Rayburn House Office Building,,Washington,DC,20515-4329,Representative,,F,http://clerk.house.gov/content/assets/img/members/G000587.jpg
TX,30,,D,Ms.,Jasmine,Crockett,,1616 Longworth House Office Building,,Washington,DC,20515-4330,Representative,,F,http://clerk.house.gov/content/assets/img/members/C001130.jpg
TX,31,,R,Mr.,John R.,Carter,,2208 Rayburn House Office Building,,Washington,DC,20515-4331,Representative,,M,http://clerk.house.gov/content/assets/img/members/C001051.jpg
TX,32,,D,Mr.,Colin Z.,Allred,,348 Cannon House Office Building,,Washington,DC,20515-4332,Representative,,M,http://clerk.house.gov/content/assets/img/members/A000376.jpg
TX,33,,D,Mr.,Marc A.,Veasey,,2348 Rayburn House Office Building,,Washington,DC,20515-4333,Representative,,M,http://clerk.house.gov/content/assets/img/members/V000131.jpg
TX,34,,D,Mr.,Vicente,Gonzalez,,154 Cannon House Office Building,,Washington,DC,20515-4334,Representative,,M,http://clerk.house.gov/content/assets/img/members/G000581.jpg
TX,35,,D,Mr.,Greg,Casar,,1339 Longworth House Office Building,,Washington,DC,20515-4335,Representative,,M,http://clerk.house.gov/content/assets/img/members/C001131.jpg
TX,36,,R,Mr.,Brian,Babin,,2236 Rayburn House Office Building,,Washington,DC,20515-4336,Representative,,M,http://clerk.house.gov/content/assets/img/members/B001291.jpg
TX,37,,D,Mr.,Lloyd,Doggett,,2307 Rayburn House Office Building,,Washington,DC,20515-0001,Representative,,M,http://clerk.house.gov/content/assets/img/members/D000399.jpg
TX,38,,R,Mr.,Wesley,Hunt,,1520 Longworth House Office Building,,Washington,DC,20515-0001,Representative,,M,http://clerk.house.gov/content/assets/img/members/H001095.jpg
UT,1,,R,Mr.,Blake D.,Moore,,1131 Longworth House Office Building,,Washington,DC,20515-4401,Representative,,M,http://clerk.house.gov/content/assets/img/members/M001213.jpg
UT,2,,R,Ms.,Celeste ,Maloy,,166 Cannon House Office Building,,Washington,DC,20515-4402,Representative,,M,http://clerk.house.gov/content/assets/img/members/M001228.jpg
UT,3,,R,Mr.,John R.,Curtis,,2323 Rayburn House Office Building,,Washington,DC,20515-4403,Representative,,M,http://clerk.house.gov/content/assets/img/members/C001114.jpg
UT,4,,R,Mr.,Burgess,Owens,,309 Cannon House Office Building,,Washington,DC,20515-4404,Representative,,M,http://clerk.house.gov/content/assets/img/members/O000086.jpg
VA,1,,R,Mr.,Robert J.,Wittman,,2055 Rayburn House Office Building,,Washington,DC,20515-4601,Representative,,M,http://clerk.house.gov/content/assets/img/members/W000804.jpg
VA,2,,R,Ms.,Jennifer A.,Kiggans,,1037 Longworth House Office Building,,Washington,DC,20515-4602,Representative,,F,http://clerk.house.gov/content/assets/img/members/K000399.jpg
VA,3,,D,Mr.,Robert C.,Scott,,2328 Rayburn House Office Building,,Washington,DC,20515-4603,Representative,,M,http://clerk.house.gov/content/assets/img/members/S000185.jpg
VA,4,,D,Ms.,Jennifer L.,McClellan,,314 Cannon House Office Building,,Washington,DC,20515-4604,Representative,,F,http://clerk.house.gov/content/assets/img/members/M001227.jpg
VA,5,,R,Mr.,Bob,Good,,461 Cannon House Office Building,,Washington,DC,20515-4605,Representative,,M,http://clerk.house.gov/content/assets/img/members/G000595.jpg
VA,6,,R,Mr.,Ben,Cline,,2443 Rayburn House Office Building,,Washington,DC,20515-4606,Representative,,M,http://clerk.house.gov/content/assets/img/members/C001118.jpg
VA,7,,D,Ms.,Abigail Davis,Spanberger,,562 Cannon House Office Building,,Washington,DC,20515-4607,Representative,,F,http://clerk.house.gov/content/assets/img/members/S001209.jpg
VA,8,,D,Mr.,Donald S.,Beyer,Jr.,1119 Longworth House Office Building,,Washington,DC,20515-4608,Representative,,M,http://clerk.house.gov/content/assets/img/members/B001292.jpg
VA,9,,R,Mr.,H. Morgan,Griffith,,2202 Rayburn House Office Building,,Washington,DC,20515-4609,Representative,,M,http://clerk.house.gov/content/assets/img/members/G000568.jpg
VA,10,,D,Ms.,Jennifer,Wexton,,1210 Longworth House Office Building,,Washington,DC,20515-4610,Representative,,F,http://clerk.house.gov/content/assets/img/members/W000825.jpg
VA,11,,D,Mr.,Gerald E.,Connolly,,2265 Rayburn House Office Building,,Washington,DC,20515-4611,Representative,,M,http://clerk.house.gov/content/assets/img/members/C001078.jpg
VI,,S,D,Ms.,Stacey E.,Plaskett,,2059 Rayburn House Office Building,,Washington,DC,20515-5500,Representative,,F,http://clerk.house.gov/content/assets/img/members/P000610.jpg
VT,,S,D,Ms.,Becca,Balint,,1408 Longworth House Office Building,,Washington,DC,20515-4500,Representative,,F,http://clerk.house.gov/content/assets/img/members/B001318.jpg
WA,1,,D,Ms.,Suzan K.,DelBene,,2330 Rayburn House Office Building,,Washington,DC,20515-4701,Representative,,F,http://clerk.house.gov/content/assets/img/members/D000617.jpg
WA,2,,D,Mr.,Rick,Larsen,,2163 Rayburn House Office Building,,Washington,DC,20515-4702,Representative,,M,http://clerk.house.gov/content/assets/img/members/L000560.jpg
WA,3,,D,Ms.,Marie Gluesenkamp,Perez,,1431 Longworth House Office Building,,Washington,DC,20515-4703,Representative,,F,http://clerk.house.gov/content/assets/img/members/G000600.jpg
WA,4,,R,Mr.,Dan,Newhouse,,504 Cannon House Office Building,,Washington,DC,20515-4704,Representative,,M,http://clerk.house.gov/content/assets/img/members/N000189.jpg
WA,5,,R,Ms.,Cathy McMorris,Rodgers,,2188 Rayburn House Office Building,,Washington,DC,20515-4705,Representative,,F,http://clerk.house.gov/content/assets/img/members/M001159.jpg
WA,6,,D,Mr.,Derek,Kilmer,,1226 Longworth House Office Building,,Washington,DC,20515-4706,Representative,,M,http://clerk.house.gov/content/assets/img/members/K000381.jpg
WA,7,,D,Ms.,Pramila,Jayapal,,2346 Rayburn House Office Building,,Washington,DC,20515-4707,Representative,,F,http://clerk.house.gov/content/assets/img/members/J000298.jpg
WA,8,,D,Mr.,Kim,Schrier,,1110 Longworth House Office Building,,Washington,DC,20515-4708,Representative,,M,http://clerk.house.gov/content/assets/img/members/S001216.jpg
WA,9,,D,Mr.,Adam,Smith,,2264 Rayburn House Office Building,,Washington,DC,20515-4709,Representative,,M,http://clerk.house.gov/content/assets/img/members/S000510.jpg
WA,10,,D,Ms.,Marilyn,Strickland,,1708 Longworth House Office Building,,Washington,DC,20515-4710,Representative,,F,http://clerk.house.gov/content/assets/img/members/S001159.jpg
WI,1,,R,Mr.,Bryan,Steil,,1526 Longworth House Office Building,,Washington,DC,20515-4901,Representative,,M,http://clerk.house.gov/content/assets/img/members/S001213.jpg
WI,2,,D,Mr.,Mark,Pocan,,1026 Longworth House Office Building,,Washington,DC,20515-4902,Representative,,M,http://clerk.house.gov/content/assets/img/members/P000607.jpg
WI,3,,R,Mr.,Derrick,Van Orden,,1513 Longworth House Office Building,,Washington,DC,20515-4903,Representative,,M,http://clerk.house.gov/content/assets/img/members/V000135.jpg
WI,4,,D,Ms.,Gwen,Moore,,2252 Rayburn House Office Building,,Washington,DC,20515-4904,Representative,,F,http://clerk.house.gov/content/assets/img/members/M001160.jpg
WI,5,,R,Mr.,Scott,Fitzgerald,,1507 Longworth House Office Building,,Washington,DC,20515-4905,Representative,,M,http://clerk.house.gov/content/assets/img/members/F000471.jpg
WI,6,,R,Mr.,Glenn,Grothman,,1511 Longworth House Office Building,,Washington,DC,20515-4906,Representative,,M,http://clerk.house.gov/content/assets/img/members/G000576.jpg
WI,7,,R,Mr.,Thomas P.,Tiffany,,451 Cannon House Office Building,,Washington,DC,20515-4907,Representative,,M,http://clerk.house.gov/content/assets/img/members/T000165.jpg
WI,8,,R,,,Office of the 8 Congressional District of Wisconsin,,1211 Longworth House Office Building,,Washington,DC,20515-4908,Representative,,M,https://www.wisconsin.gov/PublishingImages/State_Seal.jpg
WV,1,,R,Ms.,Carol D.,Miller,,465 Cannon House Office Building,,Washington,DC,20515-4801,Representative,,F,http://clerk.house.gov/content/assets/img/members/M001205.jpg
WV,2,,R,Mr.,Alexander X.,Mooney,,2228 Rayburn House Office Building,,Washington,DC,20515-4802,Representative,,M,http://clerk.house.gov/content/assets/img/members/M001195.jpg
WY,,S,R,Ms.,Harriet M.,Hageman,,1531 Longworth House Office Building,,Washington,DC,20515-5000,Representative,,F,http://clerk.house.gov/content/assets/img/members/H001096.jpg
ZZ,,,,Mr.,Charlie,Baker,,National Collegiate Athletic Association,P.O. Box 6222,Indinapolis,IN,46206-6222,President,,M,https://www.ncaa.org/images/2023/3/1/Headshot-Charlie_Baker.jpg
ZZ,,,,Dr.,Linda,Livingston,,Baylor University - Office of the President,One Bear Place # 97096,Waco,TX,76798-7096,President and Chair NCAA Board,,F,https://www.ncaa.org/common/controls/image_handler.aspx?thumb_id=0&image_path=/images/2022/8/1/BOG_Livingstone.jpg
ZZ,,,,Ms.,Mary-Beth,Cooper,"PhD, DM",Springfield College - Office of the President,263 Alden Street,Springfield,MA,01109,President and NCAA Board,,F,https://www.ncaa.org/common/controls/image_handler.aspx?thumb_id=0&image_path=/images/2022/8/1/BOG_Cooper.jpg
ZZ,,,,Ms.,Beth,DeBauche,JD,Ohio Valley Conference,215 Centerview Drive #115,Brentwood,TN,37024,Commissioner and NCAA Board,,F,https://www.ncaa.org/common/controls/image_handler.aspx?thumb_id=0&image_path=/images/2022/8/3/BOG_DeBauche.jpg
ZZ,,,,Ms.,Allison,Feaster,,The Boston Celtics,"226 Causeway Street, 4th Floor",Boston,MA,02114,Vice President and NCAA Board,,F,https://www.ncaa.org/images/2023/9/6/Feaster_AllisonHeadshot.jpg
ZZ,,,,Dr.,Colleen,Perry Keith,,Goldey-Beacom College - Office of the President,4701 Limestone Road,Wilmington,DE,19808,President and NCAA Board,,F,https://www.ncaa.org/images/2024/1/17/Keith_ColleenPerryheadshot.jpg